author_id,display_name_en,display_name_he,outlet,frequency,gender,country_of_citizenship,place_of_residence,ethnonational_identity,author_status,author_status_label,institutional_author,author_url
noam_sheizaf,Noam Sheizaf,נועם שיזף,972 Magazine,699.0,m,IL,Israel,J,1,Israeli Jew,972 Magazine,https://www.972mag.com/writer/noams/|https://www.972mag.com/writer/972-magazine/
mairav_zonszein,Mairav Zonszein,מרב זונשיין,972 Magazine,391.0,f,IL | USA,Israel,J,1,Israeli Jew,nan,https://www.972mag.com/writer/mairavz/
ami_kaufman,Ami Kaufman,עמי קאופמן,972 Magazine,357.0,m,IL,GB,J,1,Israeli Jew,nan,https://www.972mag.com/writer/amik/
haggai_matar,Haggai Matar,חגי מטר,972 Magazine,319.0,m,IL,Israel,J,1,Israeli Jew,nan,https://www.972mag.com/writer/haggaim/
yossi_gurvitz,Yossi Gurvitz,אישתון,972 Magazine,304.0,m,IL,Israel,J,1,Israeli Jew,972 Magazine,nan
dahlia_scheindlin,Dahlia Scheindlin,דליה שיינדלין,972 Magazine,290.0,f,IL | USA,Israel | USA,J,1,Israeli Jew,nan,https://www.972mag.com/writer/dahlias/
michael_schaeffer_omer_man,Michael Schaeffer Omer-Man,מיכאל שפר עומר-מן,972 Magazine,269.0,m,Israel | USA,Israel | USA,J,1,Israeli Jew,nan,https://www.972mag.com/writer/michaelom/
larry_derfner,Larry Derfner,לארי דרפנר,972 Magazine,244.0,m,nan,nan,J,1,Israeli Jew,nan,https://www.972mag.com/writer/larryd/
joseph_dana,Joseph Dana,nan,972 Magazine,233.0,m,nan,nan,J,1,Israeli Jew,972 Magazine,https://www.972mag.com/writer/josephd/|https://www.972mag.com/writer/972-magazine/
yuval_ben_ami,Yuval Ben-Ami,יובל בן-עמי,972 Magazine,205.0,m,nan,nan,J,1,Israeli Jew,nan,https://www.972mag.com/writer/yuvalbe/
dimi_reider,Dimi Reider,דימי ריידר,972 Magazine,198.0,m,nan,nan,J,1,Israeli Jew,nan,https://www.972mag.com/writer/dimir/
oren_ziv,Oren Ziv,אורן זיו,972 Magazine,197.0,m,nan,nan,J,1,Israeli Jew,Activestills,https://www.972mag.com/writer/orenziv/|https://www.972mag.com/writer/activestills/
edo_konrad,Edo Konrad,עדו קונרד,972 Magazine,176.0,m,nan,nan,J,1,Israeli Jew,nan,https://www.972mag.com/writer/edokonrad/
orly_noy,Orly Noy,אורלי נוי,972 Magazine,150.0,f,nan,nan,J,1,Israeli Jew,nan,https://www.972mag.com/writer/orlyn/
mya_guarnieri_jaradat,Mya Guarnieri Jaradat,מאיה גוארניירי,972 Magazine,138.0,f,nan,nan,A,7,Other / not identified,nan,https://www.972mag.com/writer/myag/
lisa_goldman,Lisa Goldman,ליסה גולדמן,972 Magazine,126.0,f,nan,nan,J,1,Israeli Jew,972 Magazine,https://www.972mag.com/writer/lisa/|https://www.972mag.com/writer/972-magazine/
roi_maor,Roi Maor,רועי מאור,972 Magazine,119.0,m,nan,nan,J,1,Israeli Jew,nan,https://www.972mag.com/writer/roi/
roee_ruttenberg,Roee Ruttenberg,nan,972 Magazine,115.0,m,nan,nan,J,1,Israeli Jew,nan,https://www.972mag.com/writer/roeer/
natasha_soffer_roth,Natasha Soffer-Roth,נטשה רוט,972 Magazine,90.0,f,nan,nan,J,7,Other / not identified,nan,https://www.972mag.com/writer/natashar/
samer_badawi,Samer Badawi,סאמר בדאווי,972 Magazine,77.0,m,nan,nan,A,7,Other / not identified,nan,https://www.972mag.com/writer/samerb/
amjad_iraqi,Amjad Iraqi,אמג'ד עיראקי,972 Magazine,70.0,m,IL,London,A,3,Palestinian citizen of Israel,nan,https://www.972mag.com/writer/amjad/
aziz_abu_sarah,Aziz Abu Sarah,עזיז אבו-שרה,972 Magazine,69.0,m,nan,nan,A,7,Other / not identified,nan,https://www.972mag.com/writer/azizs/
meron_rapoport,Meron Rapoport,מירון רפופורט,972 Magazine,69.0,m,IL,Israel,J,1,Israeli Jew,972 Magazine,nan
samah_salaime,Samah Salaime,סמאח סלאימה,972 Magazine,66.0,f,IL,Israel,A,3,Palestinian citizen of Israel,nan,https://www.972mag.com/writer/samah/
joshua_leifer,Joshua Leifer,יהושע (ג'וש) לייפר,972 Magazine,60.0,m,nan,nan,J,7,Other / not identified,nan,https://www.972mag.com/writer/joshl/
omar_h_rahman,Omar H. Rahman,עומאר ה. רחמן,972 Magazine,47.0,m,nan,nan,A,7,Other / not identified,nan,https://www.972mag.com/writer/omarh/
ruwaida_amer,Ruwaida Amer,רווידה עאמר,972 Magazine,46.0,f,nan,nan,A,7,Other / not identified,nan,https://www.972mag.com/writer/ruwaida-amer/
yael_yali_marom,Yael/Yali Marom,יעל מרום,972 Magazine,43.0,f,IL,Israel,J,1,Israeli Jew,972 Magazine,nan
yuval_abraham,Yuval Abraham,יובל אברהם,972 Magazine,39.0,m,IL,Israel,J,1,Israeli Jew,nan,https://www.972mag.com/writer/yuval-abraham/
sebastian_ben_daniel_john_brown,Sebastian Ben Daniel (John Brown),סבסטיאן בן דניאל (ג'ון בראון),972 Magazine,36.0,m,IL,Israel,J,1,Israeli Jew,972 Magazine,https://www.972mag.com/writer/john-brown/|https://www.972mag.com/writer/972-magazine/
hagai_el_ad,Hagai El-Ad,חגי אלעד,972 Magazine,35.0,m,IL,Israel,J,1,Israeli Jew,972 Magazine,nan
ori_j_lenkinski,Ori J. Lenkinski,nan,972 Magazine,32.0,f,nan,nan,J,7,Other / not identified,nan,https://www.972mag.com/writer/oril/
rami_younis,Rami Younis,רמי יונס,972 Magazine,31.0,m,IL,Israel,A,3,Palestinian citizen of Israel,nan,https://www.972mag.com/writer/rami/
ryan_rodrick_beiler,Ryan Rodrick Beiler,ריאן רודריק ביילר,972 Magazine,31.0,m,nan,nan,X,7,Other / not identified,Activestills,nan
henriette_chacar,Henriette Chacar,הנרייט שקר,972 Magazine,28.0,f,nan,nan,A,7,Other / not identified,972 Magazine,https://www.972mag.com/writer/henriettec/|https://www.972mag.com/writer/972-magazine/
ahmad_al_bazz,Ahmad Al-Bazz,אחמד אל-באז,972 Magazine,25.0,m,nan,nan,A,7,Other / not identified,Activestills,nan
noa_yachot,Noa Yachot,נועה יחוט,972 Magazine,25.0,f,nan,nan,J,7,Other / not identified,nan,https://www.972mag.com/writer/noay/
shemuel_meir,Shemuel Meir,nan,972 Magazine,22.0,nan,nan,nan,J,7,Other / not identified,972 Magazine,nan
mahmoud_mushtaha,Mahmoud Mushtaha,מחמוד מושתהא,972 Magazine,21.0,m,nan,Gaza,A,5,Gaza Palestinian,nan,https://www.972mag.com/writer/mahmoud-mushtaha/
noam_rotem,Noam Rotem,נעם רותם,972 Magazine,21.0,nan,nan,nan,J,1,Israeli Jew,972 Magazine,nan
tom_pessah,Tom Pessah,תום פסח,972 Magazine,21.0,m,IL,Israel,J,1,Israeli Jew,nan,https://www.972mag.com/writer/tom-pessah/
matt_surrusco,Matt Surrusco,nan,972 Magazine,19.0,nan,nan,nan,X,7,Other / not identified,nan,https://www.972mag.com/writer/matts/
menachem_klein,Menachem Klein,מנחם קליין,972 Magazine,19.0,m,IL,Israel,J,1,Israeli Jew,nan,https://www.972mag.com/writer/menachem-klein/
ahmed_ahmed,Ahmed Ahmed,אחמד אחמד,972 Magazine,16.0,m,nan,Gaza,A,5,Gaza Palestinian,nan,https://www.972mag.com/writer/ahmed-ahmed/
elizabeth_tsurkov,Elizabeth Tsurkov,אליזבט צורקוב,972 Magazine,15.0,f,nan,nan,J,7,Other / not identified,972 Magazine,nan
leehee_rothschild,Leehee Rothschild,ליהי רוטשילד,972 Magazine,15.0,f,nan,nan,J,7,Other / not identified,972 Magazine,nan
moriel_rothman,Moriel Rothman,מוריאל רוטמן-זכר,972 Magazine,15.0,f,nan,nan,J,7,Other / not identified,972 Magazine,nan
eli_bitan,Eli Bitan,אלי ביתאן,972 Magazine,14.0,m,nan,nan,J,7,Other / not identified,972 Magazine,nan
fady_khoury,Fady Khoury,פאדי ח'ורי,972 Magazine,14.0,m,nan,nan,A,7,Other / not identified,972 Magazine,nan
ibtisam_mahdi,Ibtisam Mahdi,איבתיסאם מהדי,972 Magazine,14.0,f,nan,Gaza,A,5,Gaza Palestinian,nan,https://www.972mag.com/writer/ibtisam-mahdi/
mohammed_r_mhawish,Mohammed R. Mhawish,nan,972 Magazine,14.0,m,nan,Gaza,A,5,Gaza Palestinian,nan,https://www.972mag.com/writer/mohammed-r-mhawish/
gerard_horton,Gerard Horton,ג'רארד הורטון,972 Magazine,13.0,m,nan,nan,X,7,Other / not identified,972 Magazine,nan
keren_manor,Keren Manor,קרן מנור,972 Magazine,13.0,f,IL,Israel | Germany,J,1,Israeli Jew,Activestills,nan
ran_greenstein,Ran Greenstein,רן גרינשטיין,972 Magazine,13.0,m,IL,South Africa,J,1,Israeli Jew,nan,https://www.972mag.com/writer/ran-greenstein/
sahar_vardi,Sahar Vardi,סהר ורדי,972 Magazine,13.0,f,IL,Israel,J,1,Israeli Jew,nan,https://www.972mag.com/writer/sahar-vardi/
sam_bahour,Sam Bahour,סם בחור,972 Magazine,13.0,m,nan,nan,A,7,Other / not identified,972 Magazine,nan
abeer_ayyoub,Abeer Ayyoub,עביר איוב,972 Magazine,12.0,nan,nan,nan,A,7,Other / not identified,972 Magazine,nan
baker_zoubi,Baker Zoubi,בכר זועבי,972 Magazine,12.0,m,nan,nan,A,7,Other / not identified,nan,https://www.972mag.com/writer/baker-zoubi/
eli_clifton,Eli Clifton,nan,972 Magazine,12.0,m,nan,nan,X,7,Other / not identified,972 Magazine,nan
aviv_tatarsky,Aviv Tatarsky,אביב טטרסקי,972 Magazine,11.0,m,IL,Israel,J,1,Israeli Jew,nan,https://www.972mag.com/writer/aviv-tatarsky/
basel_adra,Basel Adra,באסל עדרה,972 Magazine,11.0,m,nan,WB,A,4,West Bank Palestinian,nan,https://www.972mag.com/writer/basil-al-adraa/
eyal_clyne,Eyal Clyne,אייל קליין,972 Magazine,11.0,m,nan,nan,J,7,Other / not identified,972 Magazine,nan
ghousoon_bisharat,Ghousoon Bisharat,רוסון בשאראת,972 Magazine,11.0,nan,IL,Israel,A,3,Palestinian citizen of Israel,nan,https://www.972mag.com/writer/ghousoon-bisharat/
james_j_zogby,James J. Zogby,nan,972 Magazine,11.0,m,nan,nan,A,7,Other / not identified,972 Magazine,nan
mitchell_plitnick,Mitchell Plitnick,nan,972 Magazine,11.0,m,nan,nan,J,7,Other / not identified,nan,https://www.972mag.com/writer/mitchell-plitnick/
mohammed_zaanoun,Mohammed Zaanoun,מוחמד זאנון,972 Magazine,11.0,m,nan,nan,A,7,Other / not identified,Activestills,https://www.972mag.com/writer/mohammed-zaanoun/|https://www.972mag.com/writer/activestills/
neve_gordon,Neve Gordon,ניב גורדון,972 Magazine,11.0,m,IL,GB,J,1,Israeli Jew,972 Magazine,nan
a_daniel_roth,A. Daniel Roth,ע. דניאל רוט,972 Magazine,10.0,nan,IL | Canada,Israel | Canada,J,1,Israeli Jew,972 Magazine,nan
abdallah_aljazzar,Abdallah Aljazzar,nan,972 Magazine,10.0,m,nan,Gaza,A,5,Gaza Palestinian,nan,https://www.972mag.com/writer/a-j/
alex_kane,Alex Kane,אלכס קיין,972 Magazine,10.0,nan,nan,New York,J,7,Other / not identified,nan,https://www.972mag.com/writer/alex-kane/
alon_mizrahi,Alon Mizrahi,אלון מזרחי,972 Magazine,10.0,m,nan,nan,J,7,Other / not identified,972 Magazine,nan
ilan_manor,Ilan Manor,nan,972 Magazine,10.0,m,nan,nan,J,7,Other / not identified,972 Magazine,nan
rechavia_rick_berman,Rechavia “Rick” Berman,nan,972 Magazine,10.0,f,nan,nan,J,7,Other / not identified,972 Magazine,nan
suha_arraf,Suha Arraf,סוהא עראף,972 Magazine,10.0,f,nan,nan,A,7,Other / not identified,nan,https://www.972mag.com/writer/suha-arraf/
yonathan_mizrachi,Yonathan Mizrachi,יונתן מזרחי,972 Magazine,10.0,m,nan,nan,J,1,Israeli Jew,972 Magazine,nan
aaron_magid,Aaron Magid,nan,972 Magazine,9.0,m,nan,nan,J,7,Other / not identified,972 Magazine,nan
alon_aviram,Alon Aviram,nan,972 Magazine,9.0,m,nan,nan,J,7,Other / not identified,972 Magazine,nan
amjad_yaghi,Amjad Yaghi,אמג'ד יאגי,972 Magazine,9.0,m,nan,nan,A,7,Other / not identified,972 Magazine,nan
awad_abdelfattah,Awad Abdelfattah,עוואד עבד אלפתאח,972 Magazine,9.0,m,nan,nan,A,7,Other / not identified,nan,https://www.972mag.com/writer/awad-af/
idan_landau,Idan Landau,nan,972 Magazine,9.0,m,nan,nan,J,1,Israeli Jew,nan,https://www.972mag.com/writer/idan-landau/
inna_michaeli,Inna Michaeli,אינה מיכאלי,972 Magazine,9.0,f,IL,Germany,J,1,Israeli Jew,972 Magazine,nan
ron_gerlitz,Ron Gerlitz,רון גרליץ,972 Magazine,9.0,m,nan,nan,J,7,Other / not identified,972 Magazine,nan
daniel_beller,Daniel Beller,דני בלר,972 Magazine,8.0,nan,nan,nan,J,1,Israeli Jew,972 Magazine,nan
eli_valley,Eli Valley,nan,972 Magazine,8.0,m,nan,nan,J,7,Other / not identified,972 Magazine,nan
ibrahim_mohammad,Ibrahim Mohammad,אברהים מוחמד,972 Magazine,8.0,m,nan,Gaza,A,5,Gaza Palestinian,nan,https://www.972mag.com/writer/ibrahim-mohammad/
jeremiah_haber,Jeremiah Haber,nan,972 Magazine,8.0,m,nan,nan,J,7,Other / not identified,972 Magazine,nan
lia_tarachansky,Lia Tarachansky,nan,972 Magazine,8.0,f,nan,nan,J,1,Israeli Jew,972 Magazine,nan
michal_vexler,Michal Vexler,nan,972 Magazine,8.0,f,nan,nan,J,7,Other / not identified,972 Magazine,nan
talal_jabari,Talal Jabari,טלאל אל-ג׳עברי,972 Magazine,8.0,m,nan,nan,A,7,Other / not identified,972 Magazine,nan
yoav_haifawi,Yoav Haifawi,יואב חיפאווי,972 Magazine,8.0,m,nan,nan,J,1,Israeli Jew,972 Magazine,nan
alma_biblash,Alma Biblash,אלמה ביבלש,972 Magazine,7.0,f,IL,Israel,J,1,Israeli Jew,972 Magazine,nan
angela_gruber,Angela Gruber,אנג'לה גרובר,972 Magazine,7.0,f,nan,nan,X,7,Other / not identified,972 Magazine,nan
eitan_bronstein_aparicio,Eitan Bronstein Aparicio,איתן ברונשטיין אפריסיו,972 Magazine,7.0,m,IL,Israel | Belgium,J,1,Israeli Jew,972 Magazine,nan
fatima_abdulkarim,Fatima AbdulKarim,פאטמה עבד אלכרים,972 Magazine,7.0,f,nan,nan,A,7,Other / not identified,nan,https://www.972mag.com/writer/fatima-abdulkarim/
issa_edward_boursheh,Issa Edward Boursheh,nan,972 Magazine,7.0,m,nan,nan,A,7,Other / not identified,972 Magazine,nan
jen_marlowe,Jen Marlowe,ג'ן מרלו,972 Magazine,7.0,f,nan,nan,X,7,Other / not identified,972 Magazine,https://www.972mag.com/writer/jen-marlowe/|https://www.972mag.com/writer/972-magazine/
marzuq_al_halabi,Marzuq Al-Halabi,מרזוק אלחלבי,972 Magazine,7.0,b,nan,nan,A,7,Other / not identified,972 Magazine,nan
max_schindler,Max Schindler,nan,972 Magazine,7.0,m,nan,nan,J,1,Israeli Jew,972 Magazine,nan
michal_rotem,Michal Rotem,מיכל רותם,972 Magazine,7.0,f,nan,nan,J,1,Israeli Jew,972 Magazine,nan
noam_rabinovich,Noam Rabinovich,nan,972 Magazine,7.0,m,nan,nan,J,7,Other / not identified,972 Magazine,nan
sophia_goodfriend,Sophia Goodfriend,סופיה גודפרנד,972 Magazine,7.0,f,nan,nan,X,7,Other / not identified,nan,https://www.972mag.com/writer/sophia-goodfriend/
tania_hary,Tania Hary,תניה הרי,972 Magazine,7.0,f,nan,nan,J,7,Other / not identified,972 Magazine,nan
yoni_mendel,Yoni Mendel,יוני מנדל,972 Magazine,7.0,m,nan,nan,J,1,Israeli Jew,972 Magazine,nan
amer_zahr,Amer Zahr,nan,972 Magazine,6.0,m,nan,nan,A,7,Other / not identified,972 Magazine,nan
amir_rotem,Amir Rotem,אמיר רותם,972 Magazine,6.0,m,IL,nan,J,1,Israeli Jew,nan,https://www.972mag.com/writer/amir-rotem/
avi_blecherman,Avi Blecherman,אבי בלכרמן,972 Magazine,6.0,m,nan,nan,J,7,Other / not identified,972 Magazine,nan
ben_reiff,Ben Reiff,בן רייף,972 Magazine,6.0,m,nan,nan,J,7,Other / not identified,nan,https://www.972mag.com/writer/ben-reiff/
dana_mills,Dana Mills,דנה מילס,972 Magazine,6.0,f,nan,nan,J,7,Other / not identified,nan,https://www.972mag.com/writer/dana-mills/
david_sarna_galdi,David Sarna Galdi,nan,972 Magazine,6.0,m,nan,nan,J,1,Israeli Jew,972 Magazine,nan
dikla_taylor_sheinman,Dikla Taylor-Sheinman,דקלה טיילור-שיינמן,972 Magazine,6.0,f,nan,nan,J,7,Other / not identified,nan,https://www.972mag.com/writer/dikla-taylor-sheinman/
dror_etkes,Dror Etkes,דרור אטקס,972 Magazine,6.0,m,IL,Israel,J,1,Israeli Jew,nan,https://www.972mag.com/writer/dror-etkes/
frima_merphie_bubis,Frima (Merphie) Bubis,פרימה (מרפי) בוביס,972 Magazine,6.0,f,nan,nan,J,1,Israeli Jew,972 Magazine,nan
gil_gertel,Gil Gertel,גיל גרטל,972 Magazine,6.0,nan,nan,nan,J,7,Other / not identified,nan,https://www.972mag.com/writer/gil-gertel/
ilan_baruch,Ilan Baruch,אילן ברוך,972 Magazine,6.0,m,nan,nan,J,7,Other / not identified,972 Magazine,nan
itamar_sha_altiel,Itamar Sha’altiel,איתמר שאלתיאל,972 Magazine,6.0,m,nan,nan,J,7,Other / not identified,972 Magazine,nan
judith_sudilovsky,Judith Sudilovsky,ג'ודית סודילובסקי,972 Magazine,6.0,f,nan,nan,J,7,Other / not identified,nan,https://www.972mag.com/writer/judith-sudilovsky/
michael_sfard,Michael Sfard,מיכאל ספרד,972 Magazine,6.0,m,IL,Israel,J,1,Israeli Jew,972 Magazine,https://www.972mag.com/writer/michael-sfard/|https://www.972mag.com/writer/972-magazine/
moriel_rothman_zecher,Moriel Rothman-Zecher,מוריאל רוטמן-זכר,972 Magazine,6.0,f,nan,nan,J,7,Other / not identified,972 Magazine,nan
muhammad_shehada,Muhammad Shehada,מוחמד שחאדה,972 Magazine,6.0,m,nan,nan,A,7,Other / not identified,972 Magazine,nan
nadia_naser_najjab,Nadia Naser-Najjab,nan,972 Magazine,6.0,f,nan,nan,A,7,Other / not identified,972 Magazine,nan
noam_wiener,Noam Wiener,nan,972 Magazine,6.0,nan,nan,nan,J,7,Other / not identified,972 Magazine,nan
paula_schmitt,Paula Schmitt,פאולה שמיט*,972 Magazine,6.0,f,nan,nan,X,7,Other / not identified,972 Magazine,nan
sean_o_neill,Sean O’Neill,nan,972 Magazine,6.0,m,nan,nan,X,7,Other / not identified,972 Magazine,nan
amitai_ben_abba,Amitai Ben-Abba,אמיתי בן-אבא,972 Magazine,5.0,m,nan,nan,J,7,Other / not identified,972 Magazine,nan
avner_gvaryahu,Avner Gvaryahu,אבנר גבריהו,972 Magazine,5.0,m,nan,nan,J,1,Israeli Jew,972 Magazine,nan
ben_lorber,Ben Lorber,בן לורבר,972 Magazine,5.0,m,nan,nan,J,7,Other / not identified,nan,https://www.972mag.com/writer/ben-lorber/
corey_sherman,Corey Sherman,קורי שרמן,972 Magazine,5.0,nan,nan,nan,X,7,Other / not identified,972 Magazine,nan
derek_davison,Derek Davison,nan,972 Magazine,5.0,m,nan,nan,X,7,Other / not identified,972 Magazine,nan
don_futterman,Don Futterman,nan,972 Magazine,5.0,m,nan,nan,J,7,Other / not identified,972 Magazine,nan
elhanan_miller,Elhanan Miller,אלחנן מילר,972 Magazine,5.0,m,nan,nan,J,7,Other / not identified,972 Magazine,nan
imad_abu_hawash,​Imad Abu Hawash,עימאד אבו הוואש,972 Magazine,5.0,m,nan,nan,A,7,Other / not identified,nan,https://www.972mag.com/writer/imad-abu-hawash/
jeff_halper,Jeff Halper,nan,972 Magazine,5.0,m,nan,nan,J,1,Israeli Jew,972 Magazine,nan
jonathan_adler,Jonathan Adler,ג'ונתן אדלר,972 Magazine,5.0,m,nan,nan,J,7,Other / not identified,nan,https://www.972mag.com/writer/jonathan-adler/
lev_grinberg,Lev Grinberg,לב גרינברג,972 Magazine,5.0,m,nan,nan,J,1,Israeli Jew,972 Magazine,nan
libby_lenkinski,Libby Lenkinski,לבי לנקינסקי,972 Magazine,5.0,f,nan,nan,J,7,Other / not identified,972 Magazine,nan
lorenzo_kamel,Lorenzo Kamel,nan,972 Magazine,5.0,m,nan,nan,X,7,Other / not identified,972 Magazine,nan
louis_frankenthaler,Louis Frankenthaler,nan,972 Magazine,5.0,m,nan,nan,J,7,Other / not identified,972 Magazine,nan
mati_shemoelof,Mati Shemoelof,מתי שמואלוף,972 Magazine,5.0,m,nan,nan,J,1,Israeli Jew,972 Magazine,nan
muhammad_jabali,Muhammad Jabali,nan,972 Magazine,5.0,m,nan,nan,A,7,Other / not identified,972 Magazine,nan
noam_shuster_eliassi,Noam Shuster-Eliassi,נעם שוסטר אליאסי,972 Magazine,5.0,f,nan,nan,J,1,Israeli Jew,nan,https://www.972mag.com/writer/noam-shuster/
nooran_alhamdan,Nooran Alhamdan,nan,972 Magazine,5.0,nan,nan,nan,A,7,Other / not identified,972 Magazine,nan
rachel_shenhav_goldberg,Rachel Shenhav-Goldberg,nan,972 Magazine,5.0,f,nan,nan,J,7,Other / not identified,972 Magazine,nan
said_zeedani,Said Zeedani,סעיד זידאני,972 Magazine,5.0,m,nan,nan,A,7,Other / not identified,972 Magazine,nan
shatha_yaish,Shatha Yaish,שדה יעיש,972 Magazine,5.0,f,nan,nan,A,7,Other / not identified,nan,https://www.972mag.com/writer/shatha-yaish/
sol_salbe,Sol Salbe,nan,972 Magazine,5.0,m,nan,nan,J,1,Israeli Jew,972 Magazine,nan
yariv_mohar,Yariv Mohar,יריב מוהר,972 Magazine,5.0,m,nan,nan,J,7,Other / not identified,972 Magazine,nan
yaser_abu_areesha,Yaser Abu Areesha,יאסר אבו ערישה,972 Magazine,5.0,m,nan,nan,A,7,Other / not identified,972 Magazine,nan
amos_brison,Amos Brison,עמוס בריזון,972 Magazine,4.0,m,nan,Berin,J,7,Other / not identified,nan,https://www.972mag.com/writer/amos-brison/
anat_matar,Anat Matar,ענת מטר,972 Magazine,4.0,f,nan,nan,J,1,Israeli Jew,nan,https://www.972mag.com/writer/anat-matar/
dalal_erakat,Dalal Erakat,דלאל עריקאת,972 Magazine,4.0,nan,nan,nan,A,7,Other / not identified,972 Magazine,nan
david_sheen,David Sheen,דיוויד שין,972 Magazine,4.0,m,nan,nan,J,7,Other / not identified,972 Magazine,nan
elinor_sidi,Elinor Sidi,nan,972 Magazine,4.0,f,nan,nan,J,7,Other / not identified,972 Magazine,nan
emily_hilton,Emily Hilton,אם הילטון,972 Magazine,4.0,f,nan,nan,J,2,Diaspora Jew,972 Magazine,nan
faiz_abu_rmeleh,Faiz Abu Rmeleh,פאיז אבו רמלה,972 Magazine,4.0,m,nan,nan,A,7,Other / not identified,nan,https://www.972mag.com/writer/faiz-abu-rmeleh/
georgia_gee,Georgia Gee,ג'ורג'יה ג'י,972 Magazine,4.0,f,nan,nan,X,7,Other / not identified,nan,https://www.972mag.com/writer/georgia-gee/
ido_liven,Ido Liven,עידו ליבן,972 Magazine,4.0,m,nan,nan,J,7,Other / not identified,972 Magazine,nan
itamar_mann,Itamar Mann,איתמר מן,972 Magazine,4.0,m,nan,nan,J,7,Other / not identified,972 Magazine,nan
jaclynn_ashly,Jaclynn Ashly,nan,972 Magazine,4.0,nan,nan,nan,X,7,Other / not identified,nan,https://www.972mag.com/writer/jaclynn-ashly/
jalal_abukhater,Jalal Abukhater,nan,972 Magazine,4.0,m,nan,nan,A,7,Other / not identified,972 Magazine,nan
jim_lobe,Jim Lobe,ג'ים לוב,972 Magazine,4.0,m,nan,nan,X,7,Other / not identified,972 Magazine,nan
makbula_nassar,Makbula Nassar,מקבולה נסאר,972 Magazine,4.0,f,nan,nan,A,7,Other / not identified,972 Magazine,nan
mariam_barghouti,Mariam Barghouti,מרים ברגותי,972 Magazine,4.0,f,nan,nan,A,7,Other / not identified,nan,https://www.972mag.com/writer/mariam-barghouti/
mariam_farah,Mariam Farah,מרים פרח,972 Magazine,4.0,f,nan,nan,A,7,Other / not identified,nan,https://www.972mag.com/writer/mariam-farah/
matan_kaminer,Matan Kaminer,מתן קמינר,972 Magazine,4.0,m,nan,nan,J,1,Israeli Jew,nan,https://www.972mag.com/writer/matan-kaminer/
mati_milstein,Mati Milstein,nan,972 Magazine,4.0,m,nan,nan,J,7,Other / not identified,972 Magazine,nan
michael_omer_man,Michael Omer-Man,מיכאל עומר-מן,972 Magazine,4.0,m,nan,nan,J,1,Israeli Jew,Activestills,nan
michael_salisbury_corech,Michael Salisbury-Corech,מיכאל סולסברי-כורך,972 Magazine,4.0,m,nan,nan,J,1,Israeli Jew,972 Magazine,nan
naomi_niddam,Naomi Niddam,נעמי נידם,972 Magazine,4.0,f,nan,nan,J,1,Israeli Jew,nan,https://www.972mag.com/writer/naomi-niddam/
noa_shaindlinger,Noa Shaindlinger,nan,972 Magazine,4.0,f,nan,nan,J,1,Israeli Jew,972 Magazine,nan
oren_kroll_zeldin,Oren Kroll-Zeldin,אורן קרול-זלדין,972 Magazine,4.0,m,nan,nan,J,7,Other / not identified,972 Magazine,nan
oren_persico,Oren Persico,nan,972 Magazine,4.0,m,nan,nan,J,1,Israeli Jew,nan,https://www.972mag.com/writer/oren-persico/
paul_r_pillar,Paul R. Pillar,nan,972 Magazine,4.0,m,nan,nan,X,7,Other / not identified,972 Magazine,nan
robert_swift,Robert Swift,רוברט סוויפט,972 Magazine,4.0,m,nan,nan,X,7,Other / not identified,nan,https://www.972mag.com/writer/robert-swift/
roi_bachmutsky,Roi Bachmutsky,nan,972 Magazine,4.0,m,nan,nan,J,7,Other / not identified,972 Magazine,nan
roy_cohen,Roy Cohen,רועי כהן,972 Magazine,4.0,m,nan,nan,J,7,Other / not identified,nan,https://www.972mag.com/writer/roy-cohen/
suleiman_maswadeh,Suleiman Maswadeh,סולימאן מסוואדי,972 Magazine,4.0,m,nan,nan,A,7,Other / not identified,972 Magazine,nan
talal_alyan,Talal Alyan,nan,972 Magazine,4.0,m,nan,nan,A,7,Other / not identified,972 Magazine,nan
tomer_persico,Tomer Persico,תומר פרסיקו,972 Magazine,4.0,m,nan,nan,J,1,Israeli Jew,972 Magazine,nan
yacov_ben_efrat,Yacov Ben Efrat,nan,972 Magazine,4.0,m,nan,nan,J,7,Other / not identified,972 Magazine,nan
abe_silberstein,Abe Silberstein,nan,972 Magazine,3.0,m,nan,nan,J,7,Other / not identified,972 Magazine,nan
ahmed_moor,Ahmed Moor,אחמד מור,972 Magazine,3.0,m,nan,nan,A,7,Other / not identified,nan,https://www.972mag.com/writer/ahmed-moor/
alice_austin,Alice Austin,אליס אוסטין,972 Magazine,3.0,f,nan,nan,X,7,Other / not identified,nan,https://www.972mag.com/writer/alice-austin/
amjad_alqasis,Amjad Alqasis,nan,972 Magazine,3.0,m,nan,nan,A,7,Other / not identified,972 Magazine,nan
anat_saragusti,Anat Saragusti,ענת סרגוסטי,972 Magazine,3.0,f,nan,nan,J,7,Other / not identified,nan,https://www.972mag.com/writer/anat-saragusti/
anne_paq,Anne Paq,אן פק,972 Magazine,3.0,f,nan,nan,X,7,Other / not identified,Activestills,nan
anwar_mhajne,Anwar Mhajne,nan,972 Magazine,3.0,m,nan,nan,A,7,Other / not identified,972 Magazine,nan
avi_dabush,Avi Dabush,אבי דבוש,972 Magazine,3.0,m,nan,nan,J,1,Israeli Jew,972 Magazine,nan
avihai_stollar,Avihai Stollar,אביחי סטולר,972 Magazine,3.0,m,nan,nan,J,7,Other / not identified,972 Magazine,nan
bassam_almohor,Bassam Almohor,בסאם אלמוהור,972 Magazine,3.0,m,nan,nan,A,7,Other / not identified,972 Magazine,nan
betty_herschman,Betty Herschman,nan,972 Magazine,3.0,f,nan,nan,J,7,Other / not identified,972 Magazine,nan
dan_goldenblatt,Dan Goldenblatt,nan,972 Magazine,3.0,m,nan,nan,J,7,Other / not identified,972 Magazine,nan
dov_waxman,Dov Waxman,nan,972 Magazine,3.0,m,nan,nan,J,7,Other / not identified,972 Magazine,nan
einat_fishbain,Einat Fishbain,nan,972 Magazine,3.0,f,nan,nan,J,1,Israeli Jew,972 Magazine,nan
elia_ayoub,Elia Ayoub,nan,972 Magazine,3.0,m,nan,nan,A,7,Other / not identified,nan,https://www.972mag.com/writer/elia-ayoub/
elsa_rassbach,Elsa Rassbach,nan,972 Magazine,3.0,f,nan,nan,X,7,Other / not identified,972 Magazine,nan
em_hilton,Em Hilton,nan,972 Magazine,3.0,f,nan,nan,J,7,Other / not identified,nan,https://www.972mag.com/writer/em-hilton/
gary_spedding,Gary Spedding,nan,972 Magazine,3.0,m,nan,nan,X,7,Other / not identified,972 Magazine,nan
hakim_bishara,Hakim Bishara,nan,972 Magazine,3.0,m,nan,nan,A,7,Other / not identified,972 Magazine,nan
hamdan_ballal_al_huraini,Hamdan Ballal Al-Huraini,nan,972 Magazine,3.0,m,nan,nan,A,7,Other / not identified,nan,https://www.972mag.com/writer/hamdan-ballal-al-huraini/
hanno_hauenstein,Hanno Hauenstein,nan,972 Magazine,3.0,m,nan,nan,X,7,Other / not identified,nan,https://www.972mag.com/writer/hanno-hauenstein/
inbal_ben_yehuda,Inbal Ben Yehuda,ענבל בן-יהודה,972 Magazine,3.0,f,nan,nan,J,7,Other / not identified,nan,https://www.972mag.com/writer/inbal-ben-yehuda/
liel_maghen,Liel Maghen,nan,972 Magazine,3.0,nan,nan,nan,J,7,Other / not identified,972 Magazine,nan
lior_sternfeld,Lior Sternfeld,nan,972 Magazine,3.0,m,nan,nan,J,7,Other / not identified,nan,https://www.972mag.com/writer/lior-sternfeld/
maath_musleh,Maath Musleh,nan,972 Magazine,3.0,nan,nan,nan,A,7,Other / not identified,972 Magazine,nan
mossi_raz,Mossi Raz,nan,972 Magazine,3.0,m,nan,nan,J,1,Israeli Jew,972 Magazine,nan
nadia_ben_youssef,Nadia Ben-Youssef,nan,972 Magazine,3.0,f,nan,nan,A,7,Other / not identified,972 Magazine,nan
nir_baram,Nir Baram,nan,972 Magazine,3.0,m,nan,nan,J,7,Other / not identified,972 Magazine,nan
noa_shauer,Noa Shauer,nan,972 Magazine,3.0,f,nan,nan,J,7,Other / not identified,972 Magazine,nan
paul_karolyi,Paul Karolyi,nan,972 Magazine,3.0,m,nan,nan,X,7,Other / not identified,972 Magazine,nan
riman_barakat,Riman Barakat,nan,972 Magazine,3.0,nan,nan,nan,A,7,Other / not identified,972 Magazine,nan
salsabeel_h_hamdan,Salsabeel H. Hamdan,nan,972 Magazine,3.0,f,nan,nan,A,7,Other / not identified,nan,https://www.972mag.com/writer/salsabeel-h-hamdan/
samah_watad,Samah Watad,nan,972 Magazine,3.0,f,nan,nan,A,7,Other / not identified,nan,https://www.972mag.com/writer/samah-watad/
santiago_montag,Santiago Montag,nan,972 Magazine,3.0,m,nan,nan,X,7,Other / not identified,nan,https://www.972mag.com/writer/santiago-montag/
sapir_sluzker_amran,Sapir Sluzker-Amran,nan,972 Magazine,3.0,nan,nan,nan,J,1,Israeli Jew,972 Magazine,nan
sarah_stern,Sarah Stern,nan,972 Magazine,3.0,f,nan,nan,J,7,Other / not identified,972 Magazine,nan
sarit_michaeli,Sarit Michaeli,nan,972 Magazine,3.0,f,nan,nan,J,1,Israeli Jew,972 Magazine,nan
seth_morrison,Seth Morrison,nan,972 Magazine,3.0,m,nan,nan,J,7,Other / not identified,972 Magazine,nan
shay_davidovich,Shay Davidovich,nan,972 Magazine,3.0,nan,nan,nan,J,7,Other / not identified,972 Magazine,nan
shlomo_swirski,Shlomo Swirski,nan,972 Magazine,3.0,m,nan,nan,J,1,Israeli Jew,nan,https://www.972mag.com/writer/shlomo-swirski/
thair_abu_rass,Thair Abu-Rass,nan,972 Magazine,3.0,nan,nan,nan,A,7,Other / not identified,972 Magazine,nan
uri_weltmann,Uri Weltmann,nan,972 Magazine,3.0,m,nan,nan,J,1,Israeli Jew,972 Magazine,nan
vera_sajrawi,Vera Sajrawi,nan,972 Magazine,3.0,f,nan,nan,A,7,Other / not identified,nan,https://www.972mag.com/writer/vera-sajrawi/
yonatan_mendel,Yonatan Mendel,nan,972 Magazine,3.0,m,nan,nan,J,7,Other / not identified,972 Magazine,nan
yotam_ronen,Yotam Ronen,nan,972 Magazine,3.0,m,nan,nan,J,1,Israeli Jew,Activestills,nan
yuli_novak,Yuli Novak,nan,972 Magazine,3.0,nan,nan,nan,J,1,Israeli Jew,972 Magazine,nan
abdulla_moaswes,Abdulla Moaswes,עבדאללה מואסווס,972 Magazine,2.0,m,nan,nan,A,7,Other / not identified,nan,https://www.972mag.com/writer/abdulla-moaswes/
abraham_gutman,Abraham Gutman,אברהם גוטמן,972 Magazine,2.0,m,nan,nan,J,7,Other / not identified,972 Magazine,nan
aeyal_gross,Aeyal Gross,nan,972 Magazine,2.0,m,nan,nan,J,7,Other / not identified,972 Magazine,nan
alaa_salama,Alaa Salama,עלאא סלאמה,972 Magazine,2.0,nan,nan,nan,A,7,Other / not identified,nan,https://www.972mag.com/writer/alaa-salama/
ala_hlehel,Ala Hlehel,עלא חליחל,972 Magazine,2.0,m,nan,nan,A,7,Other / not identified,972 Magazine,nan
alexis_thiry,Alexis Thiry,nan,972 Magazine,2.0,f,nan,nan,X,7,Other / not identified,972 Magazine,nan
alex_stein,Alex Stein,nan,972 Magazine,2.0,m,nan,nan,J,7,Other / not identified,972 Magazine,nan
amir_segal,Amir Segal,עמיר סגל,972 Magazine,2.0,m,nan,nan,J,1,Israeli Jew,972 Magazine,nan
amos_goldberg,Amos Goldberg,עמוס גולדברג,972 Magazine,2.0,m,nan,nan,J,1,Israeli Jew,972 Magazine,https://www.972mag.com/writer/amos-goldberg/|https://www.972mag.com/writer/972-magazine/
anna_lekas_miller,Anna Lekas Miller,nan,972 Magazine,2.0,f,nan,nan,X,7,Other / not identified,972 Magazine,nan
anna_momigliano,Anna Momigliano,nan,972 Magazine,2.0,f,nan,nan,X,7,Other / not identified,972 Magazine,nan
arianna_skibell,Arianna Skibell,nan,972 Magazine,2.0,f,nan,nan,X,7,Other / not identified,972 Magazine,nan
ari_miller,Ari Miller,nan,972 Magazine,2.0,m,nan,nan,J,1,Israeli Jew,972 Magazine,nan
asaf_calderon,Asaf Calderon,nan,972 Magazine,2.0,m,nan,nan,J,1,Israeli Jew,972 Magazine,nan
asaf_shalev,Asaf Shalev,אסף שלו,972 Magazine,2.0,m,nan,nan,J,1,Israeli Jew,972 Magazine,nan
asaf_weitzen,Asaf Weitzen,nan,972 Magazine,2.0,m,nan,nan,J,1,Israeli Jew,972 Magazine,nan
ayla_peggy_adler,Ayla Peggy Adler,nan,972 Magazine,2.0,f,nan,nan,J,7,Other / not identified,972 Magazine,nan
basel_yazouri,Basel Yazouri,באסל יאזורי,972 Magazine,2.0,m,nan,nan,A,7,Other / not identified,Activestills,nan
brent_e_sasley,Brent E. Sasley,nan,972 Magazine,2.0,m,nan,nan,J,7,Other / not identified,972 Magazine,nan
christa_blackmon,Christa Blackmon,nan,972 Magazine,2.0,f,nan,nan,X,7,Other / not identified,972 Magazine,nan
dan_owen,Dan Owen,nan,972 Magazine,2.0,m,nan,nan,J,1,Israeli Jew,nan,https://www.972mag.com/writer/dan-owen/
david_harris_gershon,David Harris-Gershon,nan,972 Magazine,2.0,m,nan,nan,J,7,Other / not identified,972 Magazine,nan
david_lehrer,David Lehrer,nan,972 Magazine,2.0,m,nan,nan,J,7,Other / not identified,972 Magazine,nan
david_shulman,David Shulman,nan,972 Magazine,2.0,m,nan,nan,J,7,Other / not identified,972 Magazine,nan
diana_alzeer,Diana Alzeer,nan,972 Magazine,2.0,m,nan,nan,A,7,Other / not identified,972 Magazine,nan
dolev_rahat,Dolev Rahat,nan,972 Magazine,2.0,nan,nan,nan,J,7,Other / not identified,972 Magazine,nan
doron_matza,Doron Matza,nan,972 Magazine,2.0,m,nan,nan,J,7,Other / not identified,972 Magazine,nan
dr_eléonore_merza_bronstein,Dr. Eléonore Merza Bronstein,nan,972 Magazine,2.0,f,nan,nan,J,7,Other / not identified,nan,nan
dr_evgeni_klauber,Dr. Evgeni Klauber,nan,972 Magazine,2.0,m,nan,nan,X,7,Other / not identified,972 Magazine,nan
dr_ishai_menuchin,Dr. Ishai Menuchin,ישי מנוחין,972 Magazine,2.0,m,nan,nan,J,7,Other / not identified,972 Magazine,nan
dubi_kanengisser,Dubi Kanengisser,nan,972 Magazine,2.0,m,nan,nan,X,7,Other / not identified,972 Magazine,nan
elias_nawawieh,Elias Nawawieh,nan,972 Magazine,2.0,m,nan,nan,A,7,Other / not identified,972 Magazine,nan
elie_podeh,Elie Podeh,nan,972 Magazine,2.0,f,nan,nan,J,7,Other / not identified,972 Magazine,nan
ellie_stern,Ellie Stern,אלי שטרן,972 Magazine,2.0,nan,nan,nan,J,7,Other / not identified,nan,https://www.972mag.com/writer/ellie-stern/
emily_schaeffer,Emily Schaeffer,nan,972 Magazine,2.0,f,nan,nan,J,1,Israeli Jew,972 Magazine,nan
eyal_hareuveni,Eyal Hareuveni,nan,972 Magazine,2.0,m,nan,nan,J,7,Other / not identified,972 Magazine,nan
eyal_lurie_pardes,Eyal Lurie-Pardes,nan,972 Magazine,2.0,m,nan,nan,J,7,Other / not identified,nan,https://www.972mag.com/writer/eyal-lurie-pardes/
gilad_halpern,Gilad Halpern,גלעד הלפרן,972 Magazine,2.0,m,nan,nan,J,7,Other / not identified,972 Magazine,nan
gil_gan_mor,Gil Gan Mor,"עו""ד גיל גן-מור",972 Magazine,2.0,nan,nan,nan,J,7,Other / not identified,972 Magazine,nan
harvey_stein,Harvey Stein,nan,972 Magazine,2.0,nan,nan,nan,X,7,Other / not identified,972 Magazine,nan
hind_khoudary,Hind Khoudary,nan,972 Magazine,2.0,f,nan,nan,A,7,Other / not identified,972 Magazine,nan
hugh_lovatt,Hugh Lovatt,nan,972 Magazine,2.0,nan,nan,nan,X,7,Other / not identified,nan,https://www.972mag.com/writer/hugh-lovatt/
idan_barir,Idan Barir,עידן בריר,972 Magazine,2.0,m,nan,nan,J,7,Other / not identified,972 Magazine,nan
illy_pe_ery,Illy Pe’ery,nan,972 Magazine,2.0,nan,nan,nan,J,7,Other / not identified,nan,https://www.972mag.com/writer/illy-peery/
isayas_teklebrhan,Isayas Teklebrhan,nan,972 Magazine,2.0,nan,nan,nan,X,7,Other / not identified,972 Magazine,nan
jamil_dakwar,Jamil Dakwar,nan,972 Magazine,2.0,nan,nan,nan,A,7,Other / not identified,972 Magazine,nan
jehad_abusalim,Jehad Abusalim,ג'יהאד אבו סלים,972 Magazine,2.0,m,nan,Gaza,A,5,Gaza Palestinian,nan,https://www.972mag.com/writer/jehad-abusalim/
jesse_fox,Jesse Fox,nan,972 Magazine,2.0,m,nan,nan,J,7,Other / not identified,972 Magazine,nan
jesse_rosenfeld,Jesse Rosenfeld,nan,972 Magazine,2.0,m,nan,nan,J,7,Other / not identified,972 Magazine,nan
jessica_devaney,Jessica Devaney,nan,972 Magazine,2.0,f,nan,nan,X,7,Other / not identified,Activestills,nan
joel_braunold,Joel Braunold,nan,972 Magazine,2.0,m,nan,nan,J,7,Other / not identified,972 Magazine,nan
keren_sheffi,Keren Sheffi,nan,972 Magazine,2.0,f,nan,nan,nan,7,Other / not identified,972 Magazine,nan
khalil_mari,Khalil Mari,nan,972 Magazine,2.0,m,nan,nan,nan,7,Other / not identified,972 Magazine,nan
lara_friedman,Lara Friedman,nan,972 Magazine,2.0,f,nan,nan,nan,7,Other / not identified,972 Magazine,nan
leanne_gale,Leanne Gale,nan,972 Magazine,2.0,f,nan,nan,nan,7,Other / not identified,972 Magazine,nan
lee_mordechai,Lee Mordechai,nan,972 Magazine,2.0,m,nan,nan,nan,7,Other / not identified,nan,https://www.972mag.com/writer/lee-mordechai/
leeor_ohayon,Leeor Ohayon,nan,972 Magazine,2.0,nan,nan,nan,nan,7,Other / not identified,972 Magazine,nan
lihi_yona,Lihi Yona,nan,972 Magazine,2.0,f,nan,nan,nan,7,Other / not identified,nan,https://www.972mag.com/writer/lihi-yona/
lilach_ben_david,Lilach Ben David,לילך בן דוד,972 Magazine,2.0,f,nan,nan,nan,7,Other / not identified,972 Magazine,nan
lior_amihai,Lior Amihai,nan,972 Magazine,2.0,nan,nan,nan,nan,7,Other / not identified,nan,https://www.972mag.com/writer/lior-amihai/
lolita_brayman,Lolita Brayman,nan,972 Magazine,2.0,f,nan,nan,nan,7,Other / not identified,972 Magazine,nan
magnus_fitz,Magnus Fitz,nan,972 Magazine,2.0,m,nan,nan,nan,7,Other / not identified,nan,https://www.972mag.com/writer/magnus-fitz/
mareike_lauken,Mareike Lauken,nan,972 Magazine,2.0,f,nan,nan,nan,7,Other / not identified,Activestills,nan
marian_houk,Marian Houk,nan,972 Magazine,2.0,f,nan,nan,nan,7,Other / not identified,972 Magazine,nan
maya_haber,Maya Haber,nan,972 Magazine,2.0,f,nan,nan,nan,7,Other / not identified,972 Magazine,nan
michal_feldon,Michal Feldon,nan,972 Magazine,2.0,f,nan,nan,nan,7,Other / not identified,nan,https://www.972mag.com/writer/michal-feldon/
michelle_bubis,Michelle Bubis,nan,972 Magazine,2.0,f,nan,nan,nan,7,Other / not identified,972 Magazine,nan
misha_shulman,Misha Shulman,nan,972 Magazine,2.0,nan,nan,nan,nan,7,Other / not identified,972 Magazine,nan
more_from_eli_valley,More from Eli Valley:,nan,972 Magazine,2.0,m,nan,nan,nan,7,Other / not identified,972 Magazine,nan
naim_mousa,Naim Mousa,nan,972 Magazine,2.0,m,nan,nan,nan,7,Other / not identified,nan,https://www.972mag.com/writer/naim-mousa/
naomi_dann,Naomi Dann,nan,972 Magazine,2.0,f,nan,nan,nan,7,Other / not identified,972 Magazine,nan
nathalie_rozanes,Nathalie Rozanes,nan,972 Magazine,2.0,nan,nan,nan,nan,7,Other / not identified,nan,https://www.972mag.com/writer/nathalie-rozanes/
nathan_hersh,Nathan Hersh,nan,972 Magazine,2.0,m,nan,nan,nan,7,Other / not identified,972 Magazine,nan
nervana_mahmoud,Nervana Mahmoud,nan,972 Magazine,2.0,nan,nan,nan,nan,7,Other / not identified,972 Magazine,nan
nimrod_goren,Nimrod Goren,נמרוד גורן,972 Magazine,2.0,m,nan,nan,nan,7,Other / not identified,972 Magazine,nan
niv_hachlili,Niv Hachlili,nan,972 Magazine,2.0,nan,nan,nan,nan,7,Other / not identified,972 Magazine,nan
oferico,oferico,nan,972 Magazine,2.0,nan,nan,nan,nan,7,Other / not identified,nan,https://www.972mag.com/writer/oferico/
omri_du_nour,Omri Du-Nour,עמרי די-נור,972 Magazine,2.0,nan,nan,nan,nan,7,Other / not identified,972 Magazine,nan
ori_goldberg,Ori Goldberg,אורי גולדברג,972 Magazine,2.0,m,nan,nan,nan,7,Other / not identified,nan,https://www.972mag.com/writer/ori-goldberg/
pam_bailey,Pam Bailey,פאם ביילי,972 Magazine,2.0,f,nan,nan,nan,7,Other / not identified,972 Magazine,nan
philip_farah,Philip Farah,nan,972 Magazine,2.0,m,nan,nan,nan,7,Other / not identified,972 Magazine,nan
prof_elie_podeh,Prof. Elie Podeh,אלי פודה,972 Magazine,2.0,nan,nan,nan,nan,7,Other / not identified,972 Magazine,nan
qamar_taha,Qamar Taha,קמר טאהא,972 Magazine,2.0,nan,nan,nan,nan,7,Other / not identified,972 Magazine,nan
raanan_shemesh_forshner,Raanan Shemesh Forshner,רענן שמש-פורשנר,972 Magazine,2.0,m,nan,nan,nan,7,Other / not identified,972 Magazine,nan
rachel_canar,Rachel Canar,nan,972 Magazine,2.0,f,nan,nan,nan,7,Other / not identified,972 Magazine,nan
rachel_liel,Rachel Liel,nan,972 Magazine,2.0,f,nan,nan,nan,7,Other / not identified,972 Magazine,nan
raghad_jaraisy,Raghad Jaraisy,רגד ג'ראיסי,972 Magazine,2.0,nan,nan,nan,nan,7,Other / not identified,972 Magazine,nan
ran_goldstein,Ran Goldstein,רן גולדשטיין,972 Magazine,2.0,m,nan,nan,nan,7,Other / not identified,972 Magazine,nan
reem_amer,Reem Amer,רים עאמר,972 Magazine,2.0,nan,nan,nan,nan,7,Other / not identified,972 Magazine,nan
rida_abu_rass,Rida Abu Rass,nan,972 Magazine,2.0,nan,nan,nan,nan,7,Other / not identified,nan,https://www.972mag.com/writer/rida-abu-rass/
rob_abrams,Rob Abrams,nan,972 Magazine,2.0,nan,nan,nan,nan,7,Other / not identified,972 Magazine,nan
ron_dudai,Ron Dudai,רון דודאי,972 Magazine,2.0,m,nan,nan,nan,7,Other / not identified,nan,https://www.972mag.com/writer/ron-dudai/
ronit_marzan,Ronit Marzan,nan,972 Magazine,2.0,f,nan,nan,nan,7,Other / not identified,972 Magazine,nan
roy_wagner,Roy Wagner,רועי וגנר,972 Magazine,2.0,m,nan,nan,nan,7,Other / not identified,972 Magazine,nan
salah_mohsen,Salah Mohsen,סלאח מוחסן,972 Magazine,2.0,nan,nan,nan,nan,7,Other / not identified,972 Magazine,nan
samar_hazboun,Samar Hazboun,nan,972 Magazine,2.0,f,nan,nan,nan,7,Other / not identified,nan,https://www.972mag.com/writer/samar-hazboun/
sari_bashi,Sari Bashi,nan,972 Magazine,2.0,nan,nan,nan,nan,7,Other / not identified,972 Magazine,nan
sawsan_zaher,Sawsan Zaher,nan,972 Magazine,2.0,f,nan,nan,nan,7,Other / not identified,972 Magazine,nan
seraj_assi,Seraj Assi,nan,972 Magazine,2.0,nan,nan,nan,nan,7,Other / not identified,972 Magazine,nan
shimrit_lee,Shimrit Lee,nan,972 Magazine,2.0,f,nan,nan,nan,7,Other / not identified,972 Magazine,nan
shiraz_grinbaum,Shiraz Grinbaum,שירז גרינבאום,972 Magazine,2.0,f,nan,nan,nan,7,Other / not identified,nan,nan
shoshana_madmoni_gerber,Shoshana Madmoni-Gerber,nan,972 Magazine,2.0,f,nan,nan,nan,7,Other / not identified,nan,https://www.972mag.com/writer/shoshana-madmoni-gerber/
sigal_rozen,Sigal Rozen,nan,972 Magazine,2.0,f,nan,nan,nan,7,Other / not identified,972 Magazine,nan
simone_zimmerman,Simone Zimmerman,nan,972 Magazine,2.0,f,nan,nan,nan,7,Other / not identified,972 Magazine,nan
smadar_ben_natan,Smadar Ben-Natan,סמדר בן-נתן,972 Magazine,2.0,f,nan,nan,nan,7,Other / not identified,972 Magazine,nan
steven_davidson,Steven Davidson,nan,972 Magazine,2.0,m,nan,nan,nan,7,Other / not identified,972 Magazine,nan
tali_mayer,Tali Mayer,nan,972 Magazine,2.0,f,nan,nan,nan,7,Other / not identified,nan,nan
tamer_nafar,Tamer Nafar,nan,972 Magazine,2.0,m,nan,nan,nan,7,Other / not identified,nan,https://www.972mag.com/writer/tamer-nafar/
tareq_baconi,Tareq Baconi,טארק בקעוני,972 Magazine,2.0,m,nan,nan,nan,7,Other / not identified,nan,https://www.972mag.com/writer/tareq-baconi/
tariq_kenney_shawa,Tariq Kenney-Shawa,nan,972 Magazine,2.0,m,nan,nan,nan,7,Other / not identified,nan,https://www.972mag.com/writer/tariq-kenney-shawa/
thomas_g_mitchell,Thomas G. Mitchell,nan,972 Magazine,2.0,m,nan,nan,nan,7,Other / not identified,972 Magazine,nan
thomas_mitchell,Thomas Mitchell,nan,972 Magazine,2.0,m,nan,nan,nan,7,Other / not identified,972 Magazine,nan
tomer_zeigerman,Tomer Zeigerman,nan,972 Magazine,2.0,m,nan,nan,nan,7,Other / not identified,972 Magazine,nan
udi_aloni,Udi Aloni,nan,972 Magazine,2.0,m,nan,nan,nan,7,Other / not identified,972 Magazine,nan
vera_reider,Vera Reider,nan,972 Magazine,2.0,f,nan,nan,nan,7,Other / not identified,972 Magazine,nan
vicky_hosker,Vicky Hosker,nan,972 Magazine,2.0,f,nan,nan,nan,7,Other / not identified,972 Magazine,nan
walid_abuzaid,Walid Abuzaid,nan,972 Magazine,2.0,m,nan,nan,nan,7,Other / not identified,972 Magazine,nan
willem_aldershoff,Willem Aldershoff,nan,972 Magazine,2.0,m,nan,nan,nan,7,Other / not identified,972 Magazine,nan
yael_berda,Yael Berda,nan,972 Magazine,2.0,f,nan,nan,nan,7,Other / not identified,nan,https://www.972mag.com/writer/yael-berda/
yael_lavie,Yael Lavie,nan,972 Magazine,2.0,f,nan,nan,nan,7,Other / not identified,972 Magazine,nan
yasmeen_serhan,Yasmeen Serhan,nan,972 Magazine,2.0,f,nan,nan,nan,7,Other / not identified,972 Magazine,nan
yossef_rapoport,Yossef Rapoport,nan,972 Magazine,2.0,m,nan,nan,nan,7,Other / not identified,972 Magazine,nan
yotam_gidron,Yotam Gidron,nan,972 Magazine,2.0,m,nan,nan,nan,7,Other / not identified,Activestills,nan
yudith_oppenheimer,Yudith Oppenheimer,nan,972 Magazine,2.0,f,nan,nan,nan,7,Other / not identified,972 Magazine,nan
zak_witus,Zak Witus,nan,972 Magazine,2.0,m,nan,nan,nan,7,Other / not identified,972 Magazine,https://www.972mag.com/writer/zak-witus/|https://www.972mag.com/writer/972-magazine/
zena_tahhan,Zena Tahhan,nan,972 Magazine,2.0,f,nan,nan,nan,7,Other / not identified,972 Magazine,nan
zvi_benninga,Zvi Benninga,nan,972 Magazine,2.0,m,nan,nan,nan,7,Other / not identified,972 Magazine,nan
a_m_poppy,A.M. Poppy,nan,972 Magazine,1.0,nan,nan,nan,nan,7,Other / not identified,972 Magazine,nan
aaron_kaiser_chen,Aaron Kaiser-Chen,nan,972 Magazine,1.0,m,nan,nan,J,7,Other / not identified,nan,nan
abby_c_wheatley,Abby C. Wheatley,nan,972 Magazine,1.0,nan,nan,nan,nan,7,Other / not identified,972 Magazine,nan
abed_abou_shhadeh,Abed Abou Shhadeh,עבד אבו שחאדה,972 Magazine,1.0,m,IL,Jaffa,A,3,Palestinian citizen of Israel,nan,https://www.972mag.com/writer/abed-abou-shhadeh/
abed_kannaneh,Abed Kannaneh,עבד כנעאנה,972 Magazine,1.0,m,nan,nan,A,7,Other / not identified,nan,nan
abir_kopty,Abir Kopty,nan,972 Magazine,1.0,m,nan,nan,A,7,Other / not identified,972 Magazine,nan
adam_bashar,Adam Bashar,nan,972 Magazine,1.0,m,nan,nan,A,7,Other / not identified,Activestills,nan
adam_grannick,Adam Grannick,nan,972 Magazine,1.0,m,nan,nan,nan,7,Other / not identified,972 Magazine,nan
adam_keller,Adam Keller,אדם קלר,972 Magazine,1.0,m,nan,nan,nan,7,Other / not identified,972 Magazine,nan
adam_shatz,Adam Shatz,nan,972 Magazine,1.0,m,nan,nan,nan,7,Other / not identified,972 Magazine,nan
adi_golan_bikhnafo,Adi Golan Bikhnafo,עדי גולן בכנפו,972 Magazine,1.0,nan,nan,nan,J,7,Other / not identified,972 Magazine,nan
adv_itai_mack,Adv. Itai Mack,איתי מק,972 Magazine,1.0,m,nan,nan,J,7,Other / not identified,972 Magazine,nan
ahmadiel_ben_yehuda,Ahmadiel Ben Yehuda,nan,972 Magazine,1.0,m,nan,nan,J,7,Other / not identified,972 Magazine,nan
ahmad_nawajah,Ahmad Nawajah,nan,972 Magazine,1.0,m,nan,"Susiya, Masafer Yatta.",A,4,West Bank Palestinian,nan,https://www.972mag.com/writer/ahmad-nawajah/
ahmad_rafat,Ahmad Rafat,אחמד ראפת,972 Magazine,1.0,m,nan,nan,A,7,Other / not identified,972 Magazine,nan
ahmed_abu_artema,Ahmed Abu Artema,אחמד אבו רתימה,972 Magazine,1.0,m,nan,nan,A,7,Other / not identified,972 Magazine,nan
ahmed_g_ferwana,Ahmed G. Ferwana,nan,972 Magazine,1.0,m,nan,nan,A,7,Other / not identified,972 Magazine,nan
ahmed_rizk,Ahmed Rizk,nan,972 Magazine,1.0,m,nan,nan,A,7,Other / not identified,972 Magazine,nan
akiva_miller,Akiva Miller,nan,972 Magazine,1.0,m,nan,nan,J,7,Other / not identified,972 Magazine,nan
akram_natsheh,Akram Natsheh,אכרם נתשה,972 Magazine,1.0,m,nan,nan,A,7,Other / not identified,972 Magazine,nan
alan_johnson,Alan Johnson,nan,972 Magazine,1.0,m,nan,nan,nan,7,Other / not identified,nan,nan
alan_traister,Alan Traister,nan,972 Magazine,1.0,m,nan,nan,nan,7,Other / not identified,nan,nan
alba_nabulsi,Alba Nabulsi,אלבה נבולסי,972 Magazine,1.0,f,nan,Padua,A,6,Diaspora Palestinian,nan,https://www.972mag.com/writer/alba-nabulsi/
alexandr_nabokov,Alexandr Nabokov,אלכסנדר נבוקוב,972 Magazine,1.0,m,nan,nan,nan,7,Other / not identified,972 Magazine,nan
alexei_sisulu_abrahams,Alexei Sisulu Abrahams,nan,972 Magazine,1.0,m,nan,Canada,nan,7,Other / not identified,nan,https://www.972mag.com/writer/alexei-sisulu-abrahams/
alice_mishkin,Alice Mishkin,nan,972 Magazine,1.0,f,nan,nan,nan,7,Other / not identified,972 Magazine,nan
alice_su,Alice Su,nan,972 Magazine,1.0,f,nan,nan,nan,7,Other / not identified,972 Magazine,nan
ali_fathollah_nejad,Ali Fathollah-Nejad,nan,972 Magazine,1.0,m,nan,nan,nan,7,Other / not identified,972 Magazine,nan
ali_reza_eshraghi,Ali Reza Eshraghi,nan,972 Magazine,1.0,m,nan,nan,nan,7,Other / not identified,972 Magazine,nan
alison_morgan,Alison Morgan,nan,972 Magazine,1.0,f,nan,nan,nan,7,Other / not identified,nan,nan
ally_fernandez,Ally Fernandez,nan,972 Magazine,1.0,f,nan,nan,nan,7,Other / not identified,972 Magazine,nan
almog_behar,Almog Behar,אלמוג בהר,972 Magazine,1.0,m,nan,nan,nan,7,Other / not identified,972 Magazine,nan
alon_arad,Alon Arad,אלון ארד,972 Magazine,1.0,m,nan,nan,nan,7,Other / not identified,nan,https://www.972mag.com/writer/alon-arad/
alon_cohen_lifshitz,Alon Cohen-Lifshitz,אלון כהן ליפשיץ,972 Magazine,1.0,m,nan,nan,nan,7,Other / not identified,972 Magazine,nan
alon_lee_green,Alon-Lee Green,אלון-לי גרין,972 Magazine,1.0,m,nan,nan,nan,7,Other / not identified,nan,nan
amahl_bishara,Amahl Bishara,nan,972 Magazine,1.0,m,nan,nan,nan,7,Other / not identified,972 Magazine,nan
ameer_makhoul,Ameer Makhoul,אמיר מח'ול,972 Magazine,1.0,m,nan,nan,nan,7,Other / not identified,nan,https://www.972mag.com/writer/ameer-makhoul/
amer_aruri,Amer ‘Aruri,nan,972 Magazine,1.0,m,nan,nan,nan,7,Other / not identified,972 Magazine,nan
ami_asher,Ami Asher,nan,972 Magazine,1.0,m,nan,nan,nan,7,Other / not identified,972 Magazine,nan
amiram_goldblum,Amiram Goldblum,עמירם גולדבלום,972 Magazine,1.0,m,IL,nan,J,1,Israeli Jew,nan,https://www.972mag.com/writer/amiram-goldblum/
amir_heinitz,Amir Heinitz,nan,972 Magazine,1.0,m,nan,nan,nan,7,Other / not identified,972 Magazine,nan
amit_gilutz,Amit Gilutz,עמית גילוץ,972 Magazine,1.0,m,nan,nan,nan,7,Other / not identified,972 Magazine,nan
ami_yares,Ami Yares,nan,972 Magazine,1.0,m,nan,nan,nan,7,Other / not identified,972 Magazine,nan
amnon_brownfield_stein,Amnon Brownfield Stein,אמנון ברונפלד שטיין,972 Magazine,1.0,m,nan,nan,nan,7,Other / not identified,972 Magazine,nan
anas_almassri,Anas Almassri,nan,972 Magazine,1.0,nan,nan,nan,nan,7,Other / not identified,972 Magazine,nan
anat_yorovski,Anat Yorovski,ענת יורובסקי,972 Magazine,1.0,f,nan,nan,nan,7,Other / not identified,972 Magazine,nan
andrew_miller,Andrew Miller,nan,972 Magazine,1.0,m,nan,nan,nan,7,Other / not identified,972 Magazine,nan
angela_godfrey_goldstein,Angela Godfrey-Goldstein,nan,972 Magazine,1.0,f,nan,nan,nan,7,Other / not identified,972 Magazine,nan
angie_hsu,Angie Hsu,אנג׳י שו,972 Magazine,1.0,f,nan,nan,nan,7,Other / not identified,972 Magazine,nan
anna_rose_siegel,Anna Rose Siegel,nan,972 Magazine,1.0,f,nan,nan,nan,7,Other / not identified,nan,nan
anne_irfan,Anne Irfan,אן אירפן,972 Magazine,1.0,f,nan,nan,nan,7,Other / not identified,nan,https://www.972mag.com/writer/anne-irfan/
anselm_kiersch,Anselm Kiersch,nan,972 Magazine,1.0,m,nan,nan,nan,7,Other / not identified,972 Magazine,nan
antwan_i_saca,Antwan I. Saca,nan,972 Magazine,1.0,m,nan,nan,nan,7,Other / not identified,972 Magazine,nan
anwar_ben_badis,Anwar Ben Badis,אנואר בן באדיס*,972 Magazine,1.0,m,nan,nan,nan,7,Other / not identified,972 Magazine,nan
arash_azizi,Arash Azizi,ארש עזיזי,972 Magazine,1.0,nan,Iran,New York,Iran,7,Other / not identified,nan,https://www.972mag.com/writer/arash-azizi/
ariel_bardi,Ariel Bardi,nan,972 Magazine,1.0,nan,nan,nan,nan,7,Other / not identified,972 Magazine,nan
ariella_azoulay,Ariella Azoulay,nan,972 Magazine,1.0,f,nan,nan,nan,7,Other / not identified,972 Magazine,nan
arik_segal,Arik Segal,nan,972 Magazine,1.0,m,J,nan,nan,7,Other / not identified,972 Magazine,nan
ari_remez,Ari Remez,ארי רמז,972 Magazine,1.0,m,nan,nan,nan,7,Other / not identified,972 Magazine,nan
arnon_degani,Arnon Degani,nan,972 Magazine,1.0,m,nan,nan,nan,7,Other / not identified,972 Magazine,nan
aron_keller,Aron Keller,ארון קלר,972 Magazine,1.0,m,nan,nan,nan,7,Other / not identified,972 Magazine,nan
aryeh_cohen,Aryeh Cohen,nan,972 Magazine,1.0,m,nan,nan,nan,7,Other / not identified,972 Magazine,nan
asaf_marziano,Asaf Marziano,אסף מרציאנו,972 Magazine,1.0,m,nan,nan,nan,7,Other / not identified,972 Magazine,nan
asher_kaufman,Asher Kaufman,אשר קאופמן,972 Magazine,1.0,m,nan,nan,nan,7,Other / not identified,972 Magazine,nan
ashraf_al_ajrami,Ashraf al-Ajrami,nan,972 Magazine,1.0,m,nan,nan,nan,7,Other / not identified,972 Magazine,nan
ashraf_ghandour,Ashraf Ghandour,nan,972 Magazine,1.0,m,nan,nan,nan,7,Other / not identified,972 Magazine,nan
asma_agbariyeh_zahalka,Asma Agbariyeh-Zahalka,אסמא אגבארייה זחאלקה,972 Magazine,1.0,f,A,Jaffa,nan,7,Other / not identified,972 Magazine,nan
assaf_adiv,Assaf Adiv,אסף אדיב,972 Magazine,1.0,m,nan,nan,nan,7,Other / not identified,972 Magazine,nan
assaf_oron,Assaf Oron,אסף אורון,972 Magazine,1.0,m,nan,nan,nan,7,Other / not identified,972 Magazine,nan
atty_jonathan_j_klinger,Atty. Jonathan J. Klinger,יהונתן קלינגר,972 Magazine,1.0,m,nan,nan,nan,7,Other / not identified,972 Magazine,nan
aurélie_daher,Aurélie Daher,nan,972 Magazine,1.0,f,nan,nan,nan,7,Other / not identified,972 Magazine,nan
aviad_kleinberg,Aviad Kleinberg,nan,972 Magazine,1.0,m,J,nan,nan,7,Other / not identified,972 Magazine,nan
avi_belcherman,Avi Belcherman,אבי בלכרמן,972 Magazine,1.0,m,nan,nan,nan,7,Other / not identified,972 Magazine,nan
avital_burg,Avital Burg,אביטל בורג,972 Magazine,1.0,f,J,US,nan,7,Other / not identified,972 Magazine,nan
awdah_al_hathalean,Awdah al-Hathalean,nan,972 Magazine,1.0,nan,nan,nan,nan,7,Other / not identified,972 Magazine,nan
awdah_hathaleen,Awdah Hathaleen,nan,972 Magazine,1.0,m,nan,nan,nan,7,Other / not identified,nan,https://www.972mag.com/writer/awdah-hathaleen/
awni_farhat,Awni Farhat,עאוני פרחאת,972 Magazine,1.0,nan,nan,nan,nan,7,Other / not identified,972 Magazine,nan
aya_zinatey,Aya Zinatey,איה זינאתי,972 Magazine,1.0,f,nan,nan,nan,7,Other / not identified,972 Magazine,nan
aylin_gurzel,Aylin Gurzel,nan,972 Magazine,1.0,f,nan,nan,nan,7,Other / not identified,972 Magazine,nan
b_g_silver,B.G. Silver*,nan,972 Magazine,1.0,nan,nan,nan,nan,7,Other / not identified,972 Magazine,nan
b_n,B.N.*,nan,972 Magazine,1.0,nan,nan,nan,nan,7,Other / not identified,972 Magazine,nan
badia_dweik,Badia Dweik,בדיע דוויק,972 Magazine,1.0,nan,nan,nan,nan,7,Other / not identified,972 Magazine,nan
bar_gissin,Bar Gissin,בר גיסין,972 Magazine,1.0,nan,nan,nan,nan,7,Other / not identified,972 Magazine,nan
bassam_aramin,Bassam Aramin,nan,972 Magazine,1.0,m,nan,nan,nan,7,Other / not identified,972 Magazine,nan
batya_kallus,Batya Kallus,nan,972 Magazine,1.0,f,nan,nan,nan,7,Other / not identified,nan,nan
ben_avishai,Ben Avishai,nan,972 Magazine,1.0,m,nan,nan,nan,7,Other / not identified,nan,nan
ben_elkind,Ben Elkind,nan,972 Magazine,1.0,m,nan,nan,nan,7,Other / not identified,972 Magazine,nan
benjamin_birely,Benjamin Birely,nan,972 Magazine,1.0,m,nan,nan,nan,7,Other / not identified,972 Magazine,nan
benjamin_l_mandel,Benjamin L. Mandel,nan,972 Magazine,1.0,m,nan,nan,nan,7,Other / not identified,nan,nan
ben_pakman,Ben Pakman,nan,972 Magazine,1.0,m,nan,nan,nan,7,Other / not identified,972 Magazine,nan
ben_ronen,Ben Ronen,nan,972 Magazine,1.0,m,nan,nan,nan,7,Other / not identified,972 Magazine,nan
ben_toren,Ben Toren,nan,972 Magazine,1.0,m,nan,nan,nan,7,Other / not identified,972 Magazine,nan
ben_white,Ben White,nan,972 Magazine,1.0,m,nan,nan,nan,7,Other / not identified,972 Magazine,nan
bernard_avishai,Bernard Avishai,nan,972 Magazine,1.0,m,nan,nan,nan,7,Other / not identified,972 Magazine,nan
bettina_birmans,Bettina Birmans,nan,972 Magazine,1.0,f,nan,nan,nan,7,Other / not identified,972 Magazine,nan
blair_nodelman,Blair Nodelman,nan,972 Magazine,1.0,f,nan,nan,nan,7,Other / not identified,nan,https://www.972mag.com/writer/blair-nodelman/
brad_parker,Brad Parker,nan,972 Magazine,1.0,m,nan,nan,nan,7,Other / not identified,nan,https://www.972mag.com/writer/brad-parker/
brad_rothschild,Brad Rothschild,nan,972 Magazine,1.0,m,nan,nan,nan,7,Other / not identified,nan,nan
bram_wispelwey,Bram Wispelwey,nan,972 Magazine,1.0,m,nan,nan,nan,7,Other / not identified,972 Magazine,nan
brant_rosen,Brant Rosen,nan,972 Magazine,1.0,m,nan,nan,nan,7,Other / not identified,972 Magazine,nan
by_shalom_boguslavsky,by Shalom Boguslavsky,nan,972 Magazine,1.0,m,nan,nan,nan,7,Other / not identified,972 Magazine,nan
caroline_beck,Caroline Beck,nan,972 Magazine,1.0,f,nan,nan,nan,7,Other / not identified,972 Magazine,nan
catherine_rottenberg,Catherine Rottenberg,nan,972 Magazine,1.0,f,nan,nan,nan,7,Other / not identified,nan,nan
charalampos_tsitsopoulos,Charalampos Tsitsopoulos,nan,972 Magazine,1.0,nan,nan,nan,nan,7,Other / not identified,972 Magazine,nan
chemi_shiff,Chemi Shiff,nan,972 Magazine,1.0,nan,nan,nan,nan,7,Other / not identified,972 Magazine,nan
chibli_mallat,Chibli Mallat,nan,972 Magazine,1.0,m,nan,nan,nan,7,Other / not identified,972 Magazine,nan
christiane_marie_abu_sarah,Christiane Marie Abu-Sarah,nan,972 Magazine,1.0,f,nan,nan,nan,7,Other / not identified,972 Magazine,nan
christina_hazboun,Christina Hazboun,nan,972 Magazine,1.0,f,nan,nan,nan,7,Other / not identified,nan,https://www.972mag.com/writer/christina-hazboun/
cody_o_rourke,Cody O’Rourke,nan,972 Magazine,1.0,nan,nan,nan,nan,7,Other / not identified,972 Magazine,nan
craig_d_smith,Craig D. Smith,nan,972 Magazine,1.0,m,nan,nan,nan,7,Other / not identified,nan,nan
dahlia_shaham,Dahlia Shaham,nan,972 Magazine,1.0,f,nan,nan,nan,7,Other / not identified,972 Magazine,nan
dalia_halabi,Dalia Halabi,nan,972 Magazine,1.0,f,nan,nan,nan,7,Other / not identified,972 Magazine,nan
dalia_hatuqa,Dalia Hatuqa,nan,972 Magazine,1.0,f,nan,nan,nan,7,Other / not identified,nan,https://www.972mag.com/writer/dalia-hatuqa/
dalia_othman,Dalia Othman,nan,972 Magazine,1.0,f,nan,nan,nan,7,Other / not identified,972 Magazine,nan
dalit_baum,Dalit Baum,nan,972 Magazine,1.0,f,nan,nan,nan,7,Other / not identified,972 Magazine,nan
dalya_al_masri,Dalya Al Masri,nan,972 Magazine,1.0,f,nan,nan,nan,7,Other / not identified,nan,https://www.972mag.com/writer/dalyaalmasri/
dana_direktor,Dana Direktor,nan,972 Magazine,1.0,f,nan,nan,nan,7,Other / not identified,972 Magazine,nan
dana_golan,Dana Golan,דנה גולן,972 Magazine,1.0,f,nan,nan,nan,7,Other / not identified,972 Magazine,nan
dana_hercbergs,Dana Hercbergs,nan,972 Magazine,1.0,f,nan,nan,nan,7,Other / not identified,972 Magazine,nan
dana_moss,Dana Moss,nan,972 Magazine,1.0,f,nan,nan,nan,7,Other / not identified,972 Magazine,nan
daniel_amir,Daniel Amir,nan,972 Magazine,1.0,nan,nan,nan,nan,7,Other / not identified,972 Magazine,nan
daniela_tolchinsky,Daniela Tolchinsky,דניאלה טולצ'ינסקי,972 Magazine,1.0,f,nan,nan,nan,7,Other / not identified,972 Magazine,nan
daniel_bar_tal,Daniel Bar-Tal,דניאל בר-טל,972 Magazine,1.0,nan,nan,nan,nan,7,Other / not identified,972 Magazine,nan
daniel_dor,Daniel Dor,דניאל דור,972 Magazine,1.0,nan,nan,nan,nan,7,Other / not identified,972 Magazine,nan
daniel_easterman,Daniel Easterman,nan,972 Magazine,1.0,nan,nan,nan,nan,7,Other / not identified,972 Magazine,nan
daniel_j_solomon,Daniel J. Solomon,nan,972 Magazine,1.0,nan,nan,nan,nan,7,Other / not identified,972 Magazine,nan
daniel_levy,Daniel Levy,דניאל לוי,972 Magazine,1.0,m,nan,nan,nan,7,Other / not identified,nan,https://www.972mag.com/writer/daniel-levy/
daniel_may,Daniel May,nan,972 Magazine,1.0,m,nan,nan,nan,7,Other / not identified,972 Magazine,nan
daniel_monterescu,Daniel Monterescu,nan,972 Magazine,1.0,nan,nan,nan,nan,7,Other / not identified,972 Magazine,nan
daniel_oz,Daniel OZ,nan,972 Magazine,1.0,m,nan,nan,nan,7,Other / not identified,972 Magazine,nan
daniel_reisel,Daniel Reisel,nan,972 Magazine,1.0,nan,nan,nan,nan,7,Other / not identified,972 Magazine,nan
danit_shaham,Danit Shaham,nan,972 Magazine,1.0,f,nan,nan,nan,7,Other / not identified,972 Magazine,nan
danny_orbach,Danny Orbach,דני אורבך,972 Magazine,1.0,m,nan,nan,nan,7,Other / not identified,972 Magazine,nan
daoud_kuttab,Daoud Kuttab,nan,972 Magazine,1.0,m,nan,nan,nan,7,Other / not identified,nan,https://www.972mag.com/writer/daoud-kuttab/
dáša_raimanová,Dáša Raimanová,nan,972 Magazine,1.0,f,nan,nan,nan,7,Other / not identified,972 Magazine,nan
david_hughes,David Hughes,nan,972 Magazine,1.0,m,nan,nan,nan,7,Other / not identified,972 Magazine,nan
david_kaufman,David Kaufman,nan,972 Magazine,1.0,m,nan,nan,nan,7,Other / not identified,972 Magazine,nan
david_zonsheine,David Zonsheine,דוד זונשיין,972 Magazine,1.0,m,nan,nan,nan,7,Other / not identified,972 Magazine,nan
dean_issacharoff,Dean Issacharoff,דין יששכרוף,972 Magazine,1.0,nan,nan,nan,nan,7,Other / not identified,972 Magazine,nan
deborah_leter,Deborah Leter,דבורה לטר,972 Magazine,1.0,f,nan,nan,nan,7,Other / not identified,nan,https://www.972mag.com/writer/deborah-leter/
dima_khalidi,Dima Khalidi,nan,972 Magazine,1.0,m,nan,nan,nan,7,Other / not identified,nan,https://www.972mag.com/writer/dima-khalidi/
dina_saeed,Dina Saeed,nan,972 Magazine,1.0,f,nan,nan,nan,7,Other / not identified,972 Magazine,nan
doaa_albaz,Doaa Albaz,דועאא אלבאז,972 Magazine,1.0,f,nan,nan,nan,7,Other / not identified,nan,https://www.972mag.com/writer/doaa-albaz/
dorit_naaman,Dorit Naaman,דורית נעמן,972 Magazine,1.0,f,nan,nan,nan,7,Other / not identified,972 Magazine,nan
dor_sandak,Dor Sandak,nan,972 Magazine,1.0,nan,nan,nan,nan,7,Other / not identified,972 Magazine,nan
dov_caller,Dov Caller,nan,972 Magazine,1.0,m,nan,nan,nan,7,Other / not identified,972 Magazine,nan
dove_kent,Dove Kent,nan,972 Magazine,1.0,nan,nan,nan,nan,7,Other / not identified,nan,https://www.972mag.com/writer/dove-kent/
dr_clive_lipchin,Dr. Clive Lipchin,nan,972 Magazine,1.0,nan,nan,nan,nan,7,Other / not identified,nan,nan
dr_naftali_kaminski,Dr. Naftali Kaminski,nan,972 Magazine,1.0,m,nan,nan,nan,7,Other / not identified,972 Magazine,nan
dr_nimrod_luz,Dr. Nimrod Luz,nan,972 Magazine,1.0,m,nan,nan,nan,7,Other / not identified,972 Magazine,nan
dr_shlomo_swirski,Dr. Shlomo Swirski,שלמה סבירסקי,972 Magazine,1.0,m,nan,nan,nan,7,Other / not identified,972 Magazine,nan
dror_feuer,Dror Feuer,nan,972 Magazine,1.0,m,nan,nan,nan,7,Other / not identified,972 Magazine,nan
dror_sadot,Dror Sadot,דרור שדות,972 Magazine,1.0,nan,nan,nan,nan,7,Other / not identified,972 Magazine,nan
dror_ze_evi,Dror Ze’evi,nan,972 Magazine,1.0,m,nan,nan,nan,7,Other / not identified,972 Magazine,nan
edan_ring,Edan Ring,עידן רינג,972 Magazine,1.0,nan,nan,nan,nan,7,Other / not identified,972 Magazine,nan
edi_zhensker,Edi Zhensker,nan,972 Magazine,1.0,m,nan,nan,nan,7,Other / not identified,972 Magazine,nan
efrat_cohen_bar,Efrat Cohen-Bar,nan,972 Magazine,1.0,f,nan,nan,nan,7,Other / not identified,972 Magazine,nan
eilat_maoz,Eilat Maoz,אילת מעוז,972 Magazine,1.0,nan,nan,nan,nan,7,Other / not identified,972 Magazine,nan
einat_levi,Einat Levi,nan,972 Magazine,1.0,f,nan,nan,nan,7,Other / not identified,972 Magazine,nan
eishton,Eishton,nan,972 Magazine,1.0,m,nan,nan,nan,7,Other / not identified,972 Magazine,nan
eitan_grossman,Eitan Grossman,nan,972 Magazine,1.0,m,nan,nan,nan,7,Other / not identified,972 Magazine,nan
eitan_kalinski,Eitan Kalinski,nan,972 Magazine,1.0,m,nan,nan,nan,7,Other / not identified,972 Magazine,nan
eldad_brin,Eldad Brin,nan,972 Magazine,1.0,m,nan,nan,nan,7,Other / not identified,972 Magazine,nan
eldad_levy,Eldad Levy,nan,972 Magazine,1.0,m,nan,nan,nan,7,Other / not identified,972 Magazine,nan
eléonore_bronstein,Eléonore Bronstein,nan,972 Magazine,1.0,f,nan,nan,nan,7,Other / not identified,972 Magazine,nan
eliana_fishman,Eliana Fishman,nan,972 Magazine,1.0,f,nan,nan,nan,7,Other / not identified,972 Magazine,nan
eliaz_cohen,Eliaz Cohen,nan,972 Magazine,1.0,m,nan,nan,nan,7,Other / not identified,972 Magazine,nan
eli_day,Eli Day,nan,972 Magazine,1.0,nan,nan,nan,nan,7,Other / not identified,972 Magazine,nan
elie_friedman,Elie Friedman,nan,972 Magazine,1.0,f,nan,nan,nan,7,Other / not identified,972 Magazine,nan
elinor_davidov,Elinor Davidov,nan,972 Magazine,1.0,f,nan,nan,nan,7,Other / not identified,972 Magazine,nan
eliot_cohen,Eliot Cohen,nan,972 Magazine,1.0,m,nan,nan,nan,7,Other / not identified,nan,https://www.972mag.com/writer/eliotcohen/
elisha_baskin,Elisha Baskin,אלישה בסקין,972 Magazine,1.0,nan,nan,nan,nan,7,Other / not identified,972 Magazine,nan
eli_shmueli,Eli Shmueli,אלי שמואלי,972 Magazine,1.0,nan,nan,nan,nan,7,Other / not identified,972 Magazine,nan
ella_aphek,Ella Aphek,nan,972 Magazine,1.0,f,nan,nan,nan,7,Other / not identified,972 Magazine,nan
ella_halpern_matthews,Ella Halpern-Matthews,nan,972 Magazine,1.0,f,nan,nan,nan,7,Other / not identified,nan,https://www.972mag.com/writer/ella-halpern-matthews/
ellis_weintraub,Ellis Weintraub,nan,972 Magazine,1.0,nan,nan,nan,nan,7,Other / not identified,972 Magazine,nan
emanual_yelin,Emanual Yelin,nan,972 Magazine,1.0,m,nan,nan,nan,7,Other / not identified,972 Magazine,nan
emilio_dabed,Emilio Dabed,nan,972 Magazine,1.0,m,nan,nan,nan,7,Other / not identified,nan,https://www.972mag.com/writer/emilio-dabed/
emily_mayer,Emily Mayer,nan,972 Magazine,1.0,f,nan,nan,nan,7,Other / not identified,972 Magazine,nan
emily_schaeffer_omer_man,Emily Schaeffer Omer-Man,nan,972 Magazine,1.0,f,nan,nan,nan,7,Other / not identified,972 Magazine,nan
emma_goldberg,Emma Goldberg,nan,972 Magazine,1.0,f,nan,nan,nan,7,Other / not identified,972 Magazine,nan
episode_transcript,Episode Transcript,nan,972 Magazine,1.0,f,nan,nan,nan,7,Other / not identified,972 Magazine,nan
eran_tsidkyahu,Eran Tsidkyahu,ערן צדקיהו,972 Magazine,1.0,m,nan,nan,nan,7,Other / not identified,nan,nan
eric_yellin,Eric Yellin,nan,972 Magazine,1.0,nan,nan,nan,nan,7,Other / not identified,972 Magazine,nan
eyal_sagiv,Eyal Sagiv,איל שגיב,972 Magazine,1.0,m,nan,nan,nan,7,Other / not identified,nan,https://www.972mag.com/writer/eyal-sagiv/
ezra_oliff_lieberman,Ezra Oliff-Lieberman,nan,972 Magazine,1.0,m,nan,nan,nan,7,Other / not identified,nan,https://www.972mag.com/writer/ezra-oliff-lieberman/
fadi_o_al_naji,Fadi O. Al-Naji,פאדי אל-נאג'י,972 Magazine,1.0,m,nan,nan,nan,7,Other / not identified,nan,nan
fadi_shabita,Fadi Shabita,פאדי שביטה,972 Magazine,1.0,m,nan,nan,nan,7,Other / not identified,nan,https://www.972mag.com/writer/fadi-shabita/
false_prophet_blog,False Prophet Blog,nan,972 Magazine,1.0,m,nan,nan,nan,7,Other / not identified,972 Magazine,nan
fayez_abu_hayeh,Fayez Abu Hayeh,פאיז אבו חיה,972 Magazine,1.0,m,nan,nan,nan,7,Other / not identified,972 Magazine,nan
fidaa_shurrab,Fidaa Shurrab,nan,972 Magazine,1.0,nan,nan,nan,nan,7,Other / not identified,972 Magazine,nan
fida_jiryis,Fida Jiryis,nan,972 Magazine,1.0,nan,nan,nan,nan,7,Other / not identified,nan,nan
fiona_wright,Fiona Wright,nan,972 Magazine,1.0,f,nan,nan,nan,7,Other / not identified,972 Magazine,nan
fr_emmanuelle_awwad,Fr. Emmanuelle Awwad,nan,972 Magazine,1.0,f,nan,nan,nan,7,Other / not identified,972 Magazine,nan
frank_barat,Frank Barat,nan,972 Magazine,1.0,m,nan,nan,nan,7,Other / not identified,972 Magazine,nan
frederick_hertz,Frederick Hertz,nan,972 Magazine,1.0,m,nan,nan,nan,7,Other / not identified,972 Magazine,nan
gaby_goldman,Gaby Goldman,גבי גולדמן,972 Magazine,1.0,nan,nan,nan,nan,7,Other / not identified,972 Magazine,nan
gadi_algazi,Gadi Algazi,גדי אלגזי,972 Magazine,1.0,m,nan,nan,nan,7,Other / not identified,nan,https://www.972mag.com/writer/gadi-algazi/
gary_sick,Gary Sick,nan,972 Magazine,1.0,m,nan,nan,nan,7,Other / not identified,972 Magazine,nan
gemma_oldman,Gemma Oldman,nan,972 Magazine,1.0,f,nan,nan,nan,7,Other / not identified,972 Magazine,nan
gershom_gorenberg,Gershom Gorenberg,nan,972 Magazine,1.0,m,nan,nan,nan,7,Other / not identified,nan,nan
gershon_baskin,Gershon Baskin,גרשון בסקין,972 Magazine,1.0,m,nan,nan,nan,7,Other / not identified,972 Magazine,nan
gershon_shafir,Gershon Shafir,nan,972 Magazine,1.0,m,nan,nan,nan,7,Other / not identified,972 Magazine,nan
ghada_ageel,Ghada Ageel,nan,972 Magazine,1.0,f,nan,nan,nan,7,Other / not identified,972 Magazine,nan
ghada_al_haddad,Ghada Al-Haddad,nan,972 Magazine,1.0,f,nan,nan,nan,7,Other / not identified,972 Magazine,nan
ghada_majadli,Ghada Majadli,nan,972 Magazine,1.0,f,nan,nan,nan,7,Other / not identified,nan,https://www.972mag.com/writer/ghada-majadli/
ghaida_amirah,Ghaida Amirah,nan,972 Magazine,1.0,f,nan,nan,nan,7,Other / not identified,972 Magazine,nan
gidon_bromberg,Gidon Bromberg,nan,972 Magazine,1.0,m,nan,nan,nan,7,Other / not identified,nan,nan
gilad_isaacs,Gilad Isaacs,nan,972 Magazine,1.0,m,nan,nan,nan,7,Other / not identified,972 Magazine,nan
gil_hizi,Gil Hizi,גיל חיזי,972 Magazine,1.0,nan,nan,nan,nan,7,Other / not identified,972 Magazine,nan
gillian_kennedy,Gillian Kennedy,nan,972 Magazine,1.0,f,nan,nan,nan,7,Other / not identified,972 Magazine,nan
gil_rimon,Gil Rimon,nan,972 Magazine,1.0,nan,nan,nan,nan,7,Other / not identified,972 Magazine,nan
gordon_adams,Gordon Adams,nan,972 Magazine,1.0,m,nan,nan,nan,7,Other / not identified,972 Magazine,nan
greg_thielmann,Greg Thielmann,nan,972 Magazine,1.0,m,nan,nan,nan,7,Other / not identified,972 Magazine,nan
guevara_bader,Guevara Bader,nan,972 Magazine,1.0,nan,nan,nan,nan,7,Other / not identified,nan,https://www.972mag.com/writer/guevara-bader/
guy_aloni,Guy Aloni,גיא אלוני,972 Magazine,1.0,m,nan,nan,nan,7,Other / not identified,972 Magazine,nan
guy_hircefeld,Guy Hircefeld,גיא הירשפלד,972 Magazine,1.0,m,nan,nan,nan,7,Other / not identified,972 Magazine,nan
guy_josif,Guy Josif,nan,972 Magazine,1.0,m,nan,nan,nan,7,Other / not identified,972 Magazine,nan
hadas_binyamini,Hadas Binyamini,הדס בנימיני,972 Magazine,1.0,f,nan,nan,nan,7,Other / not identified,nan,https://www.972mag.com/writer/hadas-binyamini/
hadi_rami,Hadi Rami,האדי ראמי,972 Magazine,1.0,nan,nan,Gaza,A,5,Gaza Palestinian,nan,https://www.972mag.com/writer/hadi-rami/
hagit_naali_joseph,Hagit Naali-Joseph,חגית קיסר,972 Magazine,1.0,f,nan,nan,nan,7,Other / not identified,nan,nan
hagit_ofran,Hagit Ofran,חגית עופרן,972 Magazine,1.0,f,nan,nan,nan,7,Other / not identified,972 Magazine,nan
haidi_motola,Haidi Motola,nan,972 Magazine,1.0,f,nan,nan,nan,7,Other / not identified,nan,nan
haitham_s,Haitham S.,nan,972 Magazine,1.0,f,nan,nan,nan,7,Other / not identified,nan,https://www.972mag.com/writer/haitham-s/
hala_h,Hala H.,nan,972 Magazine,1.0,nan,nan,nan,nan,7,Other / not identified,nan,https://www.972mag.com/writer/hala-h/
halah_ahmad,Halah Ahmad,nan,972 Magazine,1.0,f,nan,nan,nan,7,Other / not identified,nan,https://www.972mag.com/writer/halah-ahmad/
hana_elias,Hana Elias,nan,972 Magazine,1.0,f,nan,nan,nan,7,Other / not identified,nan,https://www.972mag.com/writer/hana-elias/
haneen_zoabi,Haneen Zoabi,חנין זועבי,972 Magazine,1.0,f,nan,nan,nan,7,Other / not identified,972 Magazine,nan
hanine_hassan,Hanine Hassan,nan,972 Magazine,1.0,nan,nan,nan,nan,7,Other / not identified,972 Magazine,nan
harry_reis,Harry Reis,nan,972 Magazine,1.0,nan,nan,nan,nan,7,Other / not identified,972 Magazine,nan
hassan_shakur,Hassan Shakur,nan,972 Magazine,1.0,nan,nan,nan,nan,7,Other / not identified,972 Magazine,nan
hebh_jamal,Hebh Jamal,nan,972 Magazine,1.0,nan,nan,nan,nan,7,Other / not identified,nan,https://www.972mag.com/writer/hebh-jamal/
heidi_jane_esakov,Heidi-Jane Esakov,nan,972 Magazine,1.0,nan,nan,nan,nan,7,Other / not identified,972 Magazine,nan
hiba_husseini,Hiba Husseini,nan,972 Magazine,1.0,nan,nan,nan,nan,7,Other / not identified,972 Magazine,nan
hila_benyovits_hoffman,Hila Benyovits-Hoffman,nan,972 Magazine,1.0,f,nan,nan,nan,7,Other / not identified,972 Magazine,nan
hillel_bardin,Hillel Bardin,nan,972 Magazine,1.0,m,nan,nan,nan,7,Other / not identified,972 Magazine,nan
hillel_garmi,Hillel Garmi,nan,972 Magazine,1.0,m,nan,nan,nan,7,Other / not identified,972 Magazine,nan
hind_al_ansari,Hind Al Ansari,nan,972 Magazine,1.0,f,nan,nan,nan,7,Other / not identified,nan,https://www.972mag.com/writer/hind-al-ansari/
hisham_abu_ali,Hisham Abu Ali,nan,972 Magazine,1.0,nan,nan,nan,nan,7,Other / not identified,nan,nan
huda_abu_obeid,Huda Abu Obeid,nan,972 Magazine,1.0,nan,nan,nan,nan,7,Other / not identified,972 Magazine,nan
hussam_abed,Hussam Abed,nan,972 Magazine,1.0,nan,nan,nan,nan,7,Other / not identified,972 Magazine,nan
hussein_samih,Hussein Samih,nan,972 Magazine,1.0,nan,nan,nan,nan,7,Other / not identified,nan,nan
idan_gazit,Idan Gazit,nan,972 Magazine,1.0,m,nan,nan,nan,7,Other / not identified,972 Magazine,nan
idan_itzhaky,Idan Itzhaky,עידן יצחקי,972 Magazine,1.0,m,nan,nan,nan,7,Other / not identified,972 Magazine,nan
iddo_naiss,Iddo Naiss,עידו נייס,972 Magazine,1.0,m,nan,nan,nan,7,Other / not identified,972 Magazine,nan
ido_even_paz,Ido Even Paz,עידו אבן-פז,972 Magazine,1.0,m,nan,nan,nan,7,Other / not identified,972 Magazine,nan
ido_nice,Ido Nice,עידו נייס,972 Magazine,1.0,m,nan,nan,nan,7,Other / not identified,972 Magazine,nan
ilhan_tanir,Ilhan Tanir,nan,972 Magazine,1.0,nan,nan,nan,nan,7,Other / not identified,972 Magazine,nan
ilker_hepkaner,Ilker Hepkaner,nan,972 Magazine,1.0,nan,nan,nan,nan,7,Other / not identified,nan,nan
imad_sabi,Imad Sabi,nan,972 Magazine,1.0,m,nan,nan,nan,7,Other / not identified,nan,https://www.972mag.com/writer/imad-sabi/
inbal_sinai,Inbal Sinai,nan,972 Magazine,1.0,f,nan,nan,nan,7,Other / not identified,Social TV,nan
inbar_shaked_vardi,Inbar Shaked Vardi,ענבר שקד ורדי,972 Magazine,1.0,f,nan,nan,nan,7,Other / not identified,972 Magazine,nan
irene_nasser,Irene Nasser,nan,972 Magazine,1.0,nan,nan,nan,nan,7,Other / not identified,972 Magazine,nan
iris_hefets,Iris Hefets,nan,972 Magazine,1.0,nan,nan,nan,nan,7,Other / not identified,972 Magazine,nan
isaac_johnston,Isaac Johnston,nan,972 Magazine,1.0,m,nan,nan,nan,7,Other / not identified,nan,https://www.972mag.com/writer/isaac-johnston/
isaac_kates_rose,Isaac Kates Rose,nan,972 Magazine,1.0,m,nan,nan,nan,7,Other / not identified,nan,nan
issa_boursheh,Issa Boursheh,nan,972 Magazine,1.0,m,nan,nan,nan,7,Other / not identified,972 Magazine,nan
itamar_benzaquen,Itamar Benzaquen,nan,972 Magazine,1.0,nan,nan,nan,nan,7,Other / not identified,nan,https://www.972mag.com/writer/itamar-baz/
itamar_haritan,Itamar Haritan,nan,972 Magazine,1.0,nan,nan,nan,nan,7,Other / not identified,972 Magazine,nan
itay_ben_eliezer,Itay Ben Eliezer,nan,972 Magazine,1.0,nan,nan,nan,nan,7,Other / not identified,972 Magazine,nan
jaap_hamburger,Jaap Hamburger,nan,972 Magazine,1.0,nan,nan,nan,nan,7,Other / not identified,nan,nan
jacob_udell,Jacob Udell,nan,972 Magazine,1.0,nan,nan,nan,nan,7,Other / not identified,972 Magazine,nan
jake_cohen,Jake Cohen,nan,972 Magazine,1.0,m,nan,nan,nan,7,Other / not identified,972 Magazine,nan
jake_meth,Jake Meth,nan,972 Magazine,1.0,m,nan,nan,nan,7,Other / not identified,972 Magazine,nan
jakub_zahora,Jakub Zahora,nan,972 Magazine,1.0,nan,nan,nan,nan,7,Other / not identified,972 Magazine,nan
jalal_nali,Jalal Nali,nan,972 Magazine,1.0,m,nan,nan,nan,7,Other / not identified,972 Magazine,nan
james_michael_smith,James-Michael Smith,nan,972 Magazine,1.0,nan,nan,nan,nan,7,Other / not identified,nan,nan
james_zogby,James Zogby,nan,972 Magazine,1.0,m,nan,nan,nan,7,Other / not identified,972 Magazine,nan
jamie_levin,Jamie Levin,nan,972 Magazine,1.0,nan,nan,nan,nan,7,Other / not identified,972 Magazine,nan
janan_abdu,Janan Abdu,nan,972 Magazine,1.0,nan,nan,nan,nan,7,Other / not identified,nan,https://www.972mag.com/writer/janan-abdu/
je_naé_taylor,Je Naé Taylor,nan,972 Magazine,1.0,nan,nan,nan,nan,7,Other / not identified,nan,nan
jennifer_bing,Jennifer Bing,nan,972 Magazine,1.0,nan,nan,nan,nan,7,Other / not identified,972 Magazine,nan
jenn_pollan,Jenn Pollan,nan,972 Magazine,1.0,nan,nan,nan,nan,7,Other / not identified,972 Magazine,nan
jenny_nyman,Jenny Nyman,nan,972 Magazine,1.0,nan,nan,nan,nan,7,Other / not identified,972 Magazine,nan
jeremy_elster,Jeremy Elster,nan,972 Magazine,1.0,nan,nan,nan,nan,7,Other / not identified,Social TV,nan
jerome_m_segal,Jerome M. Segal,nan,972 Magazine,1.0,nan,nan,nan,nan,7,Other / not identified,972 Magazine,nan
jessica_buxbaum,Jessica Buxbaum,nan,972 Magazine,1.0,f,nan,nan,nan,7,Other / not identified,nan,https://www.972mag.com/writer/jessica-buxbaum/
jessica_weiss,Jessica Weiss,nan,972 Magazine,1.0,f,nan,nan,nan,7,Other / not identified,972 Magazine,nan
joel_silberman,Joel Silberman,nan,972 Magazine,1.0,m,nan,nan,nan,7,Other / not identified,972 Magazine,nan
john_jackson,John Jackson,nan,972 Magazine,1.0,nan,nan,nan,nan,7,Other / not identified,972 Magazine,nan
jonathan_j_klinger,Jonathan J. Klinger,nan,972 Magazine,1.0,m,nan,nan,nan,7,Other / not identified,972 Magazine,nan
jonathan_klinger,Jonathan Klinger,nan,972 Magazine,1.0,m,nan,nan,nan,7,Other / not identified,972 Magazine,nan
joseph_monyde_malieny,Joseph Monyde Malieny,nan,972 Magazine,1.0,m,nan,nan,nan,7,Other / not identified,972 Magazine,nan
joshua_b_michaels,Joshua B. Michaels,nan,972 Magazine,1.0,m,nan,nan,nan,7,Other / not identified,972 Magazine,nan
josie_felt,Josie Felt,nan,972 Magazine,1.0,f,nan,nan,nan,7,Other / not identified,nan,https://www.972mag.com/writer/josie-felt/
julian_epp,Julian Epp,nan,972 Magazine,1.0,nan,nan,nan,nan,7,Other / not identified,nan,https://www.972mag.com/writer/julian-epp/
julie_land,Julie Land,nan,972 Magazine,1.0,f,nan,nan,nan,7,Other / not identified,972 Magazine,nan
julie_m_norman,Julie M. Norman,nan,972 Magazine,1.0,f,nan,nan,nan,7,Other / not identified,972 Magazine,nan
juliette_touma,Juliette Touma,nan,972 Magazine,1.0,f,nan,nan,nan,7,Other / not identified,nan,https://www.972mag.com/writer/juliette-touma/
kaid_abu_latif,Kaid Abu Latif,nan,972 Magazine,1.0,nan,nan,nan,nan,7,Other / not identified,nan,https://www.972mag.com/writer/kaid-abu-latif/
kareem_shaheen,Kareem Shaheen,nan,972 Magazine,1.0,nan,nan,nan,nan,7,Other / not identified,972 Magazine,nan
karen_isaacs,Karen Isaacs,nan,972 Magazine,1.0,nan,nan,nan,nan,7,Other / not identified,972 Magazine,nan
karim_kattan,Karim Kattan,nan,972 Magazine,1.0,m,nan,nan,nan,7,Other / not identified,nan,https://www.972mag.com/writer/karim-kattan/
karina_goulordava,Karina Goulordava,nan,972 Magazine,1.0,nan,nan,nan,nan,7,Other / not identified,972 Magazine,nan
ken_winikur,Ken Winikur,nan,972 Magazine,1.0,nan,nan,nan,nan,7,Other / not identified,972 Magazine,nan
keren_simons,Keren Simons,nan,972 Magazine,1.0,f,nan,nan,nan,7,Other / not identified,972 Magazine,nan
khader_adnan,Khader Adnan,nan,972 Magazine,1.0,nan,nan,nan,nan,7,Other / not identified,972 Magazine,nan
khelil_bouarrouj,Khelil Bouarrouj,nan,972 Magazine,1.0,nan,nan,nan,nan,7,Other / not identified,972 Magazine,nan
kobi_skolnick,Kobi Skolnick,nan,972 Magazine,1.0,nan,nan,nan,nan,7,Other / not identified,972 Magazine,nan
laila_naheel,Laila Naheel,nan,972 Magazine,1.0,nan,nan,nan,nan,7,Other / not identified,972 Magazine,nan
laura_wharton,Laura Wharton,nan,972 Magazine,1.0,nan,nan,nan,nan,7,Other / not identified,972 Magazine,nan
lauren_s_marcus,Lauren S. Marcus,nan,972 Magazine,1.0,nan,nan,nan,nan,7,Other / not identified,972 Magazine,nan
lawrence_mcmahon,Lawrence McMahon,nan,972 Magazine,1.0,nan,nan,nan,nan,7,Other / not identified,nan,nan
leah_mcdonnell,Leah McDonnell,nan,972 Magazine,1.0,f,nan,nan,nan,7,Other / not identified,972 Magazine,nan
leah_platkin,Leah Platkin,nan,972 Magazine,1.0,f,nan,nan,nan,7,Other / not identified,972 Magazine,nan
leah_r_platkin,Leah R. Platkin,nan,972 Magazine,1.0,f,nan,nan,nan,7,Other / not identified,972 Magazine,nan
léa_peruchon,Léa Peruchon,nan,972 Magazine,1.0,f,nan,nan,nan,7,Other / not identified,nan,https://www.972mag.com/writer/lea-peruchon/
liat_kozma,Liat Kozma,nan,972 Magazine,1.0,nan,nan,nan,nan,7,Other / not identified,nan,https://www.972mag.com/writer/liat-kozma/
libby_lenkinski_friedlander,Libby Lenkinski Friedlander,nan,972 Magazine,1.0,f,nan,nan,nan,7,Other / not identified,972 Magazine,nan
lily_galili,Lily Galili,nan,972 Magazine,1.0,nan,nan,nan,nan,7,Other / not identified,972 Magazine,nan
lily_greenberg_call,Lily Greenberg Call,nan,972 Magazine,1.0,f,nan,nan,nan,7,Other / not identified,nan,https://www.972mag.com/writer/lily-greenberg-call/
liora_sion,Liora Sion,nan,972 Magazine,1.0,nan,nan,nan,nan,7,Other / not identified,972 Magazine,nan
lisa_richlen,Lisa Richlen,nan,972 Magazine,1.0,f,nan,nan,nan,7,Other / not identified,972 Magazine,nan
lital_firestone,Lital Firestone,nan,972 Magazine,1.0,nan,nan,nan,nan,7,Other / not identified,972 Magazine,nan
liv_halperin,Liv Halperin,nan,972 Magazine,1.0,nan,nan,nan,nan,7,Other / not identified,972 Magazine,nan
loaay_wattad,Loaay Wattad,nan,972 Magazine,1.0,m,nan,nan,nan,7,Other / not identified,nan,https://www.972mag.com/writer/loaay-wattad/
louise_rafkin,Louise Rafkin,nan,972 Magazine,1.0,nan,nan,nan,nan,7,Other / not identified,972 Magazine,nan
louis_fishman,Louis Fishman,nan,972 Magazine,1.0,m,nan,nan,nan,7,Other / not identified,972 Magazine,nan
maayan_dak,Maayan Dak,nan,972 Magazine,1.0,f,nan,nan,nan,7,Other / not identified,nan,nan
maayan_niezna,Maayan Niezna,nan,972 Magazine,1.0,f,nan,nan,nan,7,Other / not identified,972 Magazine,nan
madlaine_ahmad,Madlaine Ahmad,nan,972 Magazine,1.0,nan,nan,nan,nan,7,Other / not identified,972 Magazine,nan
mahdi_sabbagh,Mahdi Sabbagh,nan,972 Magazine,1.0,nan,nan,nan,nan,7,Other / not identified,972 Magazine,nan
mahmoud_al_omour,Mahmoud Al-Omour,nan,972 Magazine,1.0,m,nan,nan,nan,7,Other / not identified,nan,https://www.972mag.com/writer/mahmoud-al-omour/
maisalon_dallashi,Maisalon Dallashi,nan,972 Magazine,1.0,nan,nan,nan,nan,7,Other / not identified,972 Magazine,nan
majd_jawad,Majd Jawad,nan,972 Magazine,1.0,nan,nan,nan,nan,7,Other / not identified,nan,https://www.972mag.com/writer/majd-jawad/
manal_ja_bri,Manal Ja’bri,nan,972 Magazine,1.0,nan,nan,nan,nan,7,Other / not identified,972 Magazine,nan
mara_getz_sheftel,Mara Getz Sheftel,nan,972 Magazine,1.0,f,nan,nan,nan,7,Other / not identified,972 Magazine,nan
marcelo_svirsky,Marcelo Svirsky,nan,972 Magazine,1.0,m,nan,nan,nan,7,Other / not identified,972 Magazine,nan
mariana_abreu,Mariana Abreu,nan,972 Magazine,1.0,f,nan,nan,nan,7,Other / not identified,nan,https://www.972mag.com/writer/mariana-abreu/
maria_rashed,Maria Rashed,nan,972 Magazine,1.0,f,nan,nan,nan,7,Other / not identified,nan,https://www.972mag.com/writer/maria-rashed/
maria_zreik,Maria Zreik,nan,972 Magazine,1.0,f,nan,nan,nan,7,Other / not identified,Activestills,nan
marta_fortunato,Marta Fortunato,nan,972 Magazine,1.0,nan,nan,nan,nan,7,Other / not identified,972 Magazine,nan
marwa_fatafta,Marwa Fatafta,nan,972 Magazine,1.0,f,nan,nan,nan,7,Other / not identified,nan,https://www.972mag.com/writer/marwaf/
maryam_hawari,Maryam Hawari,nan,972 Magazine,1.0,nan,nan,nan,nan,7,Other / not identified,972 Magazine,nan
max_blumenthal,Max Blumenthal,nan,972 Magazine,1.0,m,nan,nan,nan,7,Other / not identified,nan,nan
maxime_benatouil,Maxime Benatouil,nan,972 Magazine,1.0,nan,nan,nan,nan,7,Other / not identified,972 Magazine,nan
max_socol,Max Socol,nan,972 Magazine,1.0,m,nan,nan,nan,7,Other / not identified,972 Magazine,nan
maya_avis,Maya Avis,nan,972 Magazine,1.0,f,nan,nan,nan,7,Other / not identified,972 Magazine,nan
maya_garner,Maya Garner,nan,972 Magazine,1.0,f,nan,nan,nan,7,Other / not identified,972 Magazine,nan
maya_schkolne,Maya Schkolne,nan,972 Magazine,1.0,f,nan,nan,nan,7,Other / not identified,972 Magazine,nan
mehrdad_naderi,Mehrdad Naderi,nan,972 Magazine,1.0,nan,nan,nan,nan,7,Other / not identified,972 Magazine,nan
mei_tal_nadler,Mei-Tal Nadler,nan,972 Magazine,1.0,nan,nan,nan,nan,7,Other / not identified,972 Magazine,nan
merav_amir,Merav Amir,nan,972 Magazine,1.0,nan,nan,nan,nan,7,Other / not identified,972 Magazine,nan
mia_rafalowicz_campbell,Mia Rafalowicz-Campbell,nan,972 Magazine,1.0,nan,nan,nan,nan,7,Other / not identified,nan,https://www.972mag.com/writer/mia-rafalowicz-campbell/
micah_friedman,Micah Friedman,nan,972 Magazine,1.0,nan,nan,nan,nan,7,Other / not identified,972 Magazine,nan
michael_sappir,Michael Sappir,nan,972 Magazine,1.0,m,nan,nan,nan,7,Other / not identified,nan,https://www.972mag.com/writer/michael-sappir/
michael_sidman,Michael Sidman,nan,972 Magazine,1.0,m,nan,nan,nan,7,Other / not identified,972 Magazine,nan
michael_zigmond,Michael Zigmond,nan,972 Magazine,1.0,m,nan,nan,nan,7,Other / not identified,nan,nan
michal_haramati,Michal Haramati,nan,972 Magazine,1.0,f,nan,nan,nan,7,Other / not identified,972 Magazine,nan
michal_luft,Michal Luft,nan,972 Magazine,1.0,f,nan,nan,nan,7,Other / not identified,972 Magazine,nan
michal_rotam,Michal Rotam,nan,972 Magazine,1.0,f,nan,nan,nan,7,Other / not identified,Activestills,nan
michal_talya,Michal Talya,nan,972 Magazine,1.0,f,nan,nan,nan,7,Other / not identified,972 Magazine,nan
michal_zweig,Michal Zweig,nan,972 Magazine,1.0,f,nan,nan,nan,7,Other / not identified,972 Magazine,nan
michel_waelbroeck,Michel Waelbroeck,nan,972 Magazine,1.0,nan,nan,nan,nan,7,Other / not identified,972 Magazine,nan
minna_rozen,Minna Rozen,nan,972 Magazine,1.0,nan,nan,nan,nan,7,Other / not identified,972 Magazine,nan
mira_al_hussein,Mira Al Hussein,nan,972 Magazine,1.0,nan,nan,nan,nan,7,Other / not identified,nan,https://www.972mag.com/writer/mira-al-hussein/
miriam_deprez,Miriam Deprez,nan,972 Magazine,1.0,nan,nan,nan,nan,7,Other / not identified,nan,https://www.972mag.com/writer/miriam-deprez/
miryam_wijler,Miryam Wijler,nan,972 Magazine,1.0,nan,nan,nan,nan,7,Other / not identified,nan,nan
mkhaimar_abusada,Mkhaimar Abusada,nan,972 Magazine,1.0,nan,nan,nan,nan,7,Other / not identified,972 Magazine,nan
mk_haneen_zoabi,MK Haneen Zoabi*,nan,972 Magazine,1.0,nan,nan,nan,nan,7,Other / not identified,972 Magazine,nan
mohamed_el_dahshan,Mohamed El Dahshan,nan,972 Magazine,1.0,m,nan,nan,nan,7,Other / not identified,972 Magazine,nan
mohamed_mohamed,Mohamed Mohamed,nan,972 Magazine,1.0,m,nan,nan,nan,7,Other / not identified,972 Magazine,nan
mohammad_hureini,Mohammad Hureini,nan,972 Magazine,1.0,nan,nan,nan,nan,7,Other / not identified,nan,https://www.972mag.com/writer/mohammad-hureini/
mohammed_arafat,Mohammed Arafat,nan,972 Magazine,1.0,m,nan,nan,nan,7,Other / not identified,972 Magazine,nan
mohammed_khatib,Mohammed Khatib,nan,972 Magazine,1.0,m,nan,nan,nan,7,Other / not identified,nan,https://www.972mag.com/writer/mohammed-khatib/
mohammed_moussa,Mohammed Moussa,nan,972 Magazine,1.0,m,nan,nan,nan,7,Other / not identified,972 Magazine,nan
monim_haroon,Monim Haroon,nan,972 Magazine,1.0,nan,nan,nan,nan,7,Other / not identified,972 Magazine,nan
moran_mekamel,Moran Mekamel,nan,972 Magazine,1.0,f,nan,nan,nan,7,Other / not identified,972 Magazine,nan
moran_zaga,Moran Zaga,nan,972 Magazine,1.0,f,nan,nan,nan,7,Other / not identified,972 Magazine,nan
mosab_qashoo,Mosab Qashoo,nan,972 Magazine,1.0,nan,nan,nan,nan,7,Other / not identified,972 Magazine,nan
moshe_ronen,Moshe Ronen,nan,972 Magazine,1.0,m,nan,nan,nan,7,Other / not identified,972 Magazine,nan
moustafa_youssef,Moustafa Youssef,nan,972 Magazine,1.0,nan,nan,nan,nan,7,Other / not identified,972 Magazine,nan
munir_atalla,Munir Atalla,nan,972 Magazine,1.0,nan,nan,nan,nan,7,Other / not identified,972 Magazine,nan
mutasim_ali,Mutasim Ali,nan,972 Magazine,1.0,m,nan,nan,nan,7,Other / not identified,972 Magazine,nan
myssana_morany,Myssana Morany,nan,972 Magazine,1.0,nan,nan,nan,nan,7,Other / not identified,972 Magazine,nan
naama_katiee,Naama Katiee,nan,972 Magazine,1.0,nan,nan,nan,nan,7,Other / not identified,972 Magazine,nan
naamit_mor_haim,Naamit Mor Haim,nan,972 Magazine,1.0,nan,nan,nan,nan,7,Other / not identified,972 Magazine,nan
nadav_bigelman,Nadav Bigelman,nan,972 Magazine,1.0,m,nan,nan,nan,7,Other / not identified,972 Magazine,nan
nadav_frankovich,Nadav Frankovich,nan,972 Magazine,1.0,m,nan,nan,nan,7,Other / not identified,nan,nan
naftali_kaminski,Naftali Kaminski,nan,972 Magazine,1.0,nan,nan,nan,nan,7,Other / not identified,972 Magazine,nan
nancy_hawker,Nancy Hawker,nan,972 Magazine,1.0,nan,nan,nan,nan,7,Other / not identified,972 Magazine,nan
nancy_murray,Nancy Murray,nan,972 Magazine,1.0,f,nan,nan,nan,7,Other / not identified,nan,https://www.972mag.com/writer/nancy-murray/
naomi_paiss,Naomi Paiss,nan,972 Magazine,1.0,f,nan,nan,nan,7,Other / not identified,972 Magazine,nan
nasser_nawaj_ah,Nasser Nawaj’ah,nan,972 Magazine,1.0,m,nan,nan,nan,7,Other / not identified,972 Magazine,nan
nasser_rego,Nasser Rego,nan,972 Magazine,1.0,m,nan,nan,nan,7,Other / not identified,972 Magazine,nan
natasha_dudinski,Natasha Dudinski,nan,972 Magazine,1.0,f,nan,nan,nan,7,Other / not identified,972 Magazine,nan
natasha_westheimer,Natasha Westheimer,nan,972 Magazine,1.0,f,nan,nan,nan,7,Other / not identified,nan,https://www.972mag.com/writer/natasha-westheimer/
nelson_mandela,Nelson Mandela,nan,972 Magazine,1.0,nan,nan,nan,nan,7,Other / not identified,972 Magazine,nan
netta_amar_shiff,Netta Amar-Shiff,nan,972 Magazine,1.0,f,nan,nan,nan,7,Other / not identified,972 Magazine,nan
nicholas_saidel,Nicholas Saidel,nan,972 Magazine,1.0,nan,nan,nan,nan,7,Other / not identified,972 Magazine,nan
nicole_hyman,Nicole Hyman,nan,972 Magazine,1.0,nan,nan,nan,nan,7,Other / not identified,972 Magazine,nan
nidal_othman,Nidal Othman,nan,972 Magazine,1.0,nan,nan,nan,nan,7,Other / not identified,nan,nan
nisreen_salameh_shahbari,Nisreen Salameh Shahbari,nan,972 Magazine,1.0,f,nan,nan,nan,7,Other / not identified,972 Magazine,nan
nisreen_shehada,Nisreen Shehada,nan,972 Magazine,1.0,f,nan,nan,nan,7,Other / not identified,972 Magazine,nan
nissi_peli,Nissi Peli,nan,972 Magazine,1.0,nan,nan,nan,nan,7,Other / not identified,nan,https://www.972mag.com/writer/nissi-peli/
nitin_sawhney,Nitin Sawhney,nan,972 Magazine,1.0,nan,nan,nan,nan,7,Other / not identified,972 Magazine,nan
noa_galili,Noa Galili,nan,972 Magazine,1.0,f,nan,nan,nan,7,Other / not identified,nan,https://www.972mag.com/writer/noa-galili/
noa_kaufman,Noa Kaufman,nan,972 Magazine,1.0,f,nan,nan,nan,7,Other / not identified,972 Magazine,nan
noa_levy,Noa Levy,nan,972 Magazine,1.0,f,nan,nan,nan,7,Other / not identified,972 Magazine,nan
noam_chayat,Noam Chayat,nan,972 Magazine,1.0,nan,nan,nan,nan,7,Other / not identified,972 Magazine,nan
noam_hofstadter,Noam Hofstadter,nan,972 Magazine,1.0,nan,nan,nan,nan,7,Other / not identified,972 Magazine,nan
noam_r,Noam R.,nan,972 Magazine,1.0,nan,nan,nan,nan,7,Other / not identified,972 Magazine,nan
noam_shemtov,Noam Shemtov,nan,972 Magazine,1.0,nan,nan,nan,nan,7,Other / not identified,nan,https://www.972mag.com/writer/noamst/
noa_pinto,Noa Pinto,נעה פינטו,972 Magazine,1.0,f,nan,nan,nan,7,Other / not identified,nan,https://www.972mag.com/writer/noa-pinto/
o_k,O.K.,nan,972 Magazine,1.0,nan,nan,nan,nan,7,Other / not identified,972 Magazine,nan
obtained_by_idan_landau,Obtained by Idan Landau,nan,972 Magazine,1.0,nan,nan,nan,nan,7,Other / not identified,972 Magazine,nan
oded_eran,Oded Eran,nan,972 Magazine,1.0,m,nan,nan,nan,7,Other / not identified,972 Magazine,nan
oded_feller,Oded Feller,nan,972 Magazine,1.0,m,nan,nan,nan,7,Other / not identified,972 Magazine,nan
oded_na_aman,Oded Na’aman,nan,972 Magazine,1.0,m,nan,nan,nan,7,Other / not identified,972 Magazine,nan
ofer_matan,Ofer Matan,nan,972 Magazine,1.0,nan,nan,nan,nan,7,Other / not identified,972 Magazine,nan
ofri_ilani,Ofri Ilani,nan,972 Magazine,1.0,nan,nan,nan,nan,7,Other / not identified,972 Magazine,nan
olga_gershenson,Olga Gershenson,nan,972 Magazine,1.0,nan,nan,nan,nan,7,Other / not identified,972 Magazine,nan
olivia_watson,Olivia Watson,nan,972 Magazine,1.0,nan,nan,nan,nan,7,Other / not identified,972 Magazine,nan
omar_baddar,Omar Baddar,nan,972 Magazine,1.0,m,nan,nan,nan,7,Other / not identified,972 Magazine,nan
omar_m_dajani,Omar M. Dajani,nan,972 Magazine,1.0,m,nan,nan,nan,7,Other / not identified,nan,nan
omer_raz,Omer Raz,nan,972 Magazine,1.0,nan,nan,nan,nan,7,Other / not identified,972 Magazine,nan
omri_eilat,Omri Eilat,nan,972 Magazine,1.0,nan,nan,nan,nan,7,Other / not identified,972 Magazine,nan
omri_evron,Omri Evron,nan,972 Magazine,1.0,nan,nan,nan,nan,7,Other / not identified,nan,nan
omri_paz,Omri Paz,nan,972 Magazine,1.0,nan,nan,nan,nan,7,Other / not identified,Activestills|Kav LaOved,nan
omri_shenhar,Omri Shenhar,nan,972 Magazine,1.0,nan,nan,nan,nan,7,Other / not identified,972 Magazine,nan
ophir_pines_paz,Ophir Pines-Paz,nan,972 Magazine,1.0,nan,nan,nan,nan,7,Other / not identified,972 Magazine,nan
oren_barak,Oren Barak,nan,972 Magazine,1.0,m,nan,nan,nan,7,Other / not identified,972 Magazine,nan
oren_yiftachel,Oren Yiftachel,nan,972 Magazine,1.0,m,nan,nan,nan,7,Other / not identified,nan,https://www.972mag.com/writer/oren-yiftachel/
ori_kol,Ori Kol,nan,972 Magazine,1.0,nan,nan,nan,nan,7,Other / not identified,nan,https://www.972mag.com/writer/ori-kol/
ori_lenkinski,Ori Lenkinski,nan,972 Magazine,1.0,nan,nan,nan,nan,7,Other / not identified,972 Magazine,nan
orit_arfa,Orit Arfa,nan,972 Magazine,1.0,f,nan,nan,nan,7,Other / not identified,972 Magazine,nan
orit_bashkin,Orit Bashkin,nan,972 Magazine,1.0,nan,nan,nan,nan,7,Other / not identified,972 Magazine,nan
orli_santo,Orli Santo,nan,972 Magazine,1.0,nan,nan,nan,nan,7,Other / not identified,972 Magazine,nan
orna_akad,Orna Akad,nan,972 Magazine,1.0,nan,nan,nan,nan,7,Other / not identified,972 Magazine,nan
or_seri,OR Seri,nan,972 Magazine,1.0,nan,nan,nan,nan,7,Other / not identified,972 Magazine,nan
osama_tanous,Osama Tanous,nan,972 Magazine,1.0,nan,nan,nan,nan,7,Other / not identified,nan,https://www.972mag.com/writer/osama-tanous/
oscar_olivier,Oscar Olivier,nan,972 Magazine,1.0,nan,nan,nan,nan,7,Other / not identified,nan,nan
osnat_ita_skoblinski,Osnat Ita Skoblinski,nan,972 Magazine,1.0,nan,nan,nan,nan,7,Other / not identified,972 Magazine,nan
ossnat_sharon,Ossnat Sharon,nan,972 Magazine,1.0,nan,nan,nan,nan,7,Other / not identified,972 Magazine,nan
paola_caridi,Paola Caridi,nan,972 Magazine,1.0,f,nan,nan,nan,7,Other / not identified,nan,https://www.972mag.com/writer/paola-caridi/
patricia_martinez_sastre,Patricia Martinez Sastre,nan,972 Magazine,1.0,f,nan,nan,nan,7,Other / not identified,nan,https://www.972mag.com/writer/patricia-martinez-sastre/
paul_pillar,Paul Pillar,nan,972 Magazine,1.0,m,nan,nan,nan,7,Other / not identified,972 Magazine,nan
penina_eilberg_schwartz,Penina Eilberg-Schwartz,nan,972 Magazine,1.0,nan,nan,nan,nan,7,Other / not identified,972 Magazine,nan
peter_jenkins,Peter Jenkins,nan,972 Magazine,1.0,nan,nan,nan,nan,7,Other / not identified,972 Magazine,nan
priscilla_wathington,Priscilla Wathington,nan,972 Magazine,1.0,nan,nan,nan,nan,7,Other / not identified,972 Magazine,nan
professor_minna_rozen,Professor Minna Rozen,nan,972 Magazine,1.0,nan,nan,nan,nan,7,Other / not identified,972 Magazine,nan
r_khazen,R. Khazen,nan,972 Magazine,1.0,nan,nan,nan,nan,7,Other / not identified,972 Magazine,nan
r_w_al_thahabi,R.W. Al-Thahabi,nan,972 Magazine,1.0,nan,nan,nan,nan,7,Other / not identified,972 Magazine,nan
rabah_halabi,Rabah Halabi,nan,972 Magazine,1.0,nan,nan,nan,nan,7,Other / not identified,972 Magazine,nan
rabbi_arik_ascherman,Rabbi Arik Ascherman,nan,972 Magazine,1.0,nan,nan,nan,nan,7,Other / not identified,972 Magazine,nan
rabbi_michael_rivkin,Rabbi Michael Rivkin,nan,972 Magazine,1.0,nan,nan,nan,nan,7,Other / not identified,972 Magazine,nan
rabbis_for_human_rights,Rabbis for Human Rights,nan,972 Magazine,1.0,nan,nan,nan,nan,7,Other / not identified,972 Magazine,nan
rabeea_eid,Rabeea Eid,nan,972 Magazine,1.0,nan,nan,nan,nan,7,Other / not identified,972 Magazine,nan
rachel_beitarie,Rachel Beitarie,nan,972 Magazine,1.0,f,nan,nan,nan,7,Other / not identified,972 Magazine,nan
rachel_i_said,Rachel’i Said,nan,972 Magazine,1.0,nan,nan,nan,nan,7,Other / not identified,972 Magazine,nan
radhika_sainath,Radhika Sainath,nan,972 Magazine,1.0,nan,nan,nan,nan,7,Other / not identified,972 Magazine,nan
raef_zreik,Raef Zreik,nan,972 Magazine,1.0,nan,nan,nan,nan,7,Other / not identified,nan,https://www.972mag.com/writer/raef-zreik/
rafael_d_frankel,Rafael D. Frankel,nan,972 Magazine,1.0,nan,nan,nan,nan,7,Other / not identified,972 Magazine,nan
rafram_chaddad,Rafram Chaddad,nan,972 Magazine,1.0,nan,nan,nan,nan,7,Other / not identified,972 Magazine,nan
raji_sourani,Raji Sourani,nan,972 Magazine,1.0,nan,nan,nan,nan,7,Other / not identified,nan,nan
raluca_ganea,Raluca Ganea,nan,972 Magazine,1.0,nan,nan,nan,nan,7,Other / not identified,972 Magazine,nan
rami_gudovitch,Rami Gudovitch,nan,972 Magazine,1.0,m,nan,nan,nan,7,Other / not identified,972 Magazine,nan
rami_kaplan,Rami Kaplan,nan,972 Magazine,1.0,m,nan,nan,nan,7,Other / not identified,972 Magazine,nan
raz_segal,Raz Segal,nan,972 Magazine,1.0,nan,nan,nan,nan,7,Other / not identified,nan,nan
rebecca_arian,Rebecca Arian,nan,972 Magazine,1.0,f,nan,nan,nan,7,Other / not identified,972 Magazine,nan
rebecca_de_vries,Rebecca de Vries,nan,972 Magazine,1.0,f,nan,nan,nan,7,Other / not identified,nan,nan
rechavia_berman,Rechavia Berman,nan,972 Magazine,1.0,f,nan,nan,nan,7,Other / not identified,972 Magazine,nan
rela_mazali,Rela Mazali,nan,972 Magazine,1.0,nan,nan,nan,nan,7,Other / not identified,972 Magazine,nan
renad_uri,Renad Uri,nan,972 Magazine,1.0,nan,nan,nan,nan,7,Other / not identified,972 Magazine,nan
reut_mor,Reut Mor,nan,972 Magazine,1.0,f,nan,nan,nan,7,Other / not identified,972 Magazine,nan
riad_kabaha,Riad Kabaha,nan,972 Magazine,1.0,nan,nan,nan,nan,7,Other / not identified,972 Magazine,nan
riccardo_carraro,Riccardo Carraro,nan,972 Magazine,1.0,nan,nan,nan,nan,7,Other / not identified,972 Magazine,nan
robert_cherry,Robert Cherry,nan,972 Magazine,1.0,m,nan,nan,nan,7,Other / not identified,972 Magazine,nan
roger_hill,Roger Hill,nan,972 Magazine,1.0,nan,nan,nan,nan,7,Other / not identified,nan,nan
romana_michelon,Romana Michelon,nan,972 Magazine,1.0,nan,nan,nan,nan,7,Other / not identified,972 Magazine,nan
rona_moran,Rona Moran,nan,972 Magazine,1.0,nan,nan,nan,nan,7,Other / not identified,972 Magazine,nan
ron_cahlili,Ron Cahlili,nan,972 Magazine,1.0,m,nan,nan,nan,7,Other / not identified,972 Magazine,nan
ronen_sabag,Ronen Sabag,nan,972 Magazine,1.0,nan,nan,nan,nan,7,Other / not identified,nan,nan
roni_dorot,Roni Dorot,nan,972 Magazine,1.0,nan,nan,nan,nan,7,Other / not identified,972 Magazine,nan
roni_masel,Roni Masel,nan,972 Magazine,1.0,nan,nan,nan,nan,7,Other / not identified,972 Magazine,nan
roni_schocken,Roni Schocken,nan,972 Magazine,1.0,nan,nan,nan,nan,7,Other / not identified,972 Magazine,nan
ruchama_marton,Ruchama Marton,nan,972 Magazine,1.0,nan,nan,nan,nan,7,Other / not identified,972 Magazine,nan
ruth_hiller,Ruth Hiller,nan,972 Magazine,1.0,f,nan,nan,nan,7,Other / not identified,972 Magazine,nan
ruth_l_hiller,Ruth L. Hiller,nan,972 Magazine,1.0,f,nan,nan,nan,7,Other / not identified,972 Magazine,nan
ruth_reznik,Ruth Reznik,nan,972 Magazine,1.0,f,nan,nan,nan,7,Other / not identified,972 Magazine,nan
ruth_stern,Ruth Stern,nan,972 Magazine,1.0,f,nan,nan,nan,7,Other / not identified,972 Magazine,nan
ryan_wentz,Ryan Wentz,nan,972 Magazine,1.0,m,nan,nan,nan,7,Other / not identified,972 Magazine,nan
saad_al_avdal,Saad al-Avdal,nan,972 Magazine,1.0,nan,nan,nan,nan,7,Other / not identified,972 Magazine,nan
saar_yachin,Saar Yachin,nan,972 Magazine,1.0,nan,nan,nan,nan,7,Other / not identified,972 Magazine,nan
salam_fayyad,Salam Fayyad,nan,972 Magazine,1.0,nan,nan,nan,nan,7,Other / not identified,972 Magazine,nan
salwa_duaibis,Salwa Duaibis,nan,972 Magazine,1.0,nan,nan,nan,nan,7,Other / not identified,972 Magazine,nan
samah_salaime_egbariya,Samah Salaime Egbariya,nan,972 Magazine,1.0,nan,nan,nan,nan,7,Other / not identified,972 Magazine,nan
sam_freed,Sam Freed,nan,972 Magazine,1.0,m,nan,nan,nan,7,Other / not identified,972 Magazine,nan
sami_awad,Sami Awad,nan,972 Magazine,1.0,m,nan,nan,nan,7,Other / not identified,972 Magazine,nan
sami_huraini,Sami Huraini,nan,972 Magazine,1.0,m,nan,nan,nan,7,Other / not identified,nan,https://www.972mag.com/writer/sami-huraini/
sam_stein,Sam Stein,nan,972 Magazine,1.0,m,nan,nan,nan,7,Other / not identified,nan,https://www.972mag.com/writer/sam-stein/
samuel_molnar,Samuel Molnar,nan,972 Magazine,1.0,nan,nan,nan,nan,7,Other / not identified,972 Magazine,nan
sarah_anne_minkin,Sarah Anne Minkin,nan,972 Magazine,1.0,f,nan,nan,nan,7,Other / not identified,972 Magazine,nan
sasha_belenkiy,Sasha Belenkiy,nan,972 Magazine,1.0,nan,nan,nan,nan,7,Other / not identified,nan,nan
saudamini_jain,Saudamini Jain,nan,972 Magazine,1.0,f,nan,nan,nan,7,Other / not identified,nan,https://www.972mag.com/writer/saudamini-jain/
scott_brown,Scott Brown,nan,972 Magazine,1.0,nan,nan,nan,nan,7,Other / not identified,972 Magazine,nan
sean_lee,Sean Lee,nan,972 Magazine,1.0,m,nan,nan,nan,7,Other / not identified,972 Magazine,nan
seren_khateb_shahbari,Seren Khateb Shahbari,nan,972 Magazine,1.0,nan,nan,nan,nan,7,Other / not identified,972 Magazine,nan
sergio_storch,Sergio Storch,nan,972 Magazine,1.0,nan,nan,nan,nan,7,Other / not identified,972 Magazine,nan
şeyda_emek,Şeyda Emek,nan,972 Magazine,1.0,nan,nan,nan,nan,7,Other / not identified,972 Magazine,nan
shachar_pinsker,Shachar Pinsker,nan,972 Magazine,1.0,nan,nan,nan,nan,7,Other / not identified,972 Magazine,nan
shadan_jabareen,Shadan Jabareen,nan,972 Magazine,1.0,nan,nan,nan,nan,7,Other / not identified,972 Magazine,nan
shadi_p,Shadi P.,nan,972 Magazine,1.0,nan,nan,nan,nan,7,Other / not identified,972 Magazine,nan
shahrazad_odeh,Shahrazad Odeh,nan,972 Magazine,1.0,nan,nan,nan,nan,7,Other / not identified,nan,https://www.972mag.com/writer/shahrazad-odeh/
shai_eluk,Shai Eluk,nan,972 Magazine,1.0,nan,nan,nan,nan,7,Other / not identified,972 Magazine,nan
shalom_boguslavsky,Shalom Boguslavsky,nan,972 Magazine,1.0,nan,nan,nan,nan,7,Other / not identified,972 Magazine,nan
sharona_weiss,Sharona Weiss,nan,972 Magazine,1.0,nan,nan,nan,nan,7,Other / not identified,972 Magazine,nan
sharon_dolev,Sharon Dolev,nan,972 Magazine,1.0,nan,nan,nan,nan,7,Other / not identified,972 Magazine,nan
sharon_livne,Sharon Livne,nan,972 Magazine,1.0,nan,nan,nan,nan,7,Other / not identified,972 Magazine,nan
shaul_magid,Shaul Magid,nan,972 Magazine,1.0,nan,nan,nan,nan,7,Other / not identified,nan,https://www.972mag.com/writer/shaul-magid/
shira_pruce,Shira Pruce,nan,972 Magazine,1.0,f,nan,nan,nan,7,Other / not identified,972 Magazine,nan
shira_scheindlin,Shira Scheindlin,nan,972 Magazine,1.0,f,nan,nan,nan,7,Other / not identified,972 Magazine,nan
shira_yudkin_tiffany,Shira Yudkin Tiffany,nan,972 Magazine,1.0,f,nan,nan,nan,7,Other / not identified,972 Magazine,nan
shir_harel,Shir Harel,nan,972 Magazine,1.0,nan,nan,nan,nan,7,Other / not identified,972 Magazine,nan
shir_hever,Shir Hever,nan,972 Magazine,1.0,nan,nan,nan,nan,7,Other / not identified,972 Magazine,nan
shirley_racah,Shirley Racah,nan,972 Magazine,1.0,nan,nan,nan,nan,7,Other / not identified,972 Magazine,nan
shmuel_lederman,Shmuel Lederman,nan,972 Magazine,1.0,nan,nan,nan,nan,7,Other / not identified,972 Magazine,nan
shoshana_gabay,Shoshana Gabay,nan,972 Magazine,1.0,f,nan,nan,nan,7,Other / not identified,nan,https://www.972mag.com/writer/shoshana-gabay/
shoshana_london_sappir,Shoshana London Sappir,nan,972 Magazine,1.0,f,nan,nan,nan,7,Other / not identified,972 Magazine,nan
shoug_al_adara,Shoug Al Adara,nan,972 Magazine,1.0,nan,nan,nan,nan,7,Other / not identified,nan,https://www.972mag.com/writer/shoug-al-adara/
shuki_tausig,Shuki Tausig,nan,972 Magazine,1.0,nan,nan,nan,nan,7,Other / not identified,972 Magazine,nan
sigal_avivi,Sigal Avivi,nan,972 Magazine,1.0,f,nan,nan,nan,7,Other / not identified,972 Magazine,nan
simone_zimerman,Simone Zimerman,nan,972 Magazine,1.0,f,nan,nan,nan,7,Other / not identified,nan,nan
sinai_peter,Sinai Peter,nan,972 Magazine,1.0,nan,nan,nan,nan,7,Other / not identified,972 Magazine,nan
sivan_tahel,Sivan Tahel,nan,972 Magazine,1.0,nan,nan,nan,nan,7,Other / not identified,nan,https://www.972mag.com/writer/sivan-tahel/
sleman_altehe,Sleman Altehe,nan,972 Magazine,1.0,m,nan,nan,nan,7,Other / not identified,nan,https://www.972mag.com/writer/sleman-altehe/
soleiman_moustafa,Soleiman Moustafa,nan,972 Magazine,1.0,nan,nan,nan,nan,7,Other / not identified,972 Magazine,nan
somow_younis,Somow Younis,nan,972 Magazine,1.0,nan,nan,nan,nan,7,Other / not identified,972 Magazine,nan
stephanie_skora,Stephanie Skora,nan,972 Magazine,1.0,f,nan,nan,nan,7,Other / not identified,972 Magazine,nan
stephanie_westbrook,Stephanie Westbrook,nan,972 Magazine,1.0,f,nan,nan,nan,7,Other / not identified,972 Magazine,nan
steven_a_cook,Steven A. Cook,nan,972 Magazine,1.0,m,nan,nan,nan,7,Other / not identified,972 Magazine,nan
susan_muaddi_darraj,Susan Muaddi Darraj,nan,972 Magazine,1.0,nan,nan,nan,nan,7,Other / not identified,972 Magazine,nan
susie_becher,Susie Becher,nan,972 Magazine,1.0,nan,nan,nan,nan,7,Other / not identified,972 Magazine,nan
taghreed_ali,Taghreed Ali,nan,972 Magazine,1.0,nan,nan,Gaza,A,5,Gaza Palestinian,nan,https://www.972mag.com/writer/taghreed-ali/
talia_baurer,Talia Baurer,nan,972 Magazine,1.0,f,nan,nan,nan,7,Other / not identified,972 Magazine,nan
talia_krevsky,Talia Krevsky,nan,972 Magazine,1.0,f,nan,nan,nan,7,Other / not identified,972 Magazine,nan
tali_nir,Tali Nir,nan,972 Magazine,1.0,nan,nan,nan,nan,7,Other / not identified,972 Magazine,nan
tal_matalon,Tal Matalon,nan,972 Magazine,1.0,nan,nan,nan,nan,7,Other / not identified,972 Magazine,nan
tal_schneider,Tal Schneider,nan,972 Magazine,1.0,nan,nan,nan,nan,7,Other / not identified,972 Magazine,nan
talya_ezrahi,Talya Ezrahi,nan,972 Magazine,1.0,nan,nan,nan,nan,7,Other / not identified,972 Magazine,nan
tamara_masri,Tamara Masri,nan,972 Magazine,1.0,nan,nan,nan,nan,7,Other / not identified,972 Magazine,nan
tanya_rubinstein,Tanya Rubinstein,nan,972 Magazine,1.0,nan,nan,nan,nan,7,Other / not identified,nan,nan
tariq_hathaleen,Tariq Hathaleen,nan,972 Magazine,1.0,m,nan,nan,nan,7,Other / not identified,nan,https://www.972mag.com/writer/tariq-hathaleen/
tawfiq_da_adli,Tawfiq Da'adli,nan,972 Magazine,1.0,nan,nan,nan,nan,7,Other / not identified,nan,https://www.972mag.com/writer/tawfiq-daadli/
thawra_abukhdeir,Thawra Abukhdeir,nan,972 Magazine,1.0,f,nan,nan,nan,7,Other / not identified,nan,https://www.972mag.com/writer/thawra-abukhdeir/
theodora_oikonomides,Theodora Oikonomides,nan,972 Magazine,1.0,nan,nan,nan,nan,7,Other / not identified,972 Magazine,nan
thom,Thom,nan,972 Magazine,1.0,nan,nan,nan,nan,7,Other / not identified,972 Magazine,nan
thomas_w_lippman,Thomas W. Lippman,nan,972 Magazine,1.0,m,nan,nan,nan,7,Other / not identified,972 Magazine,nan
timna_axel,Timna Axel,nan,972 Magazine,1.0,nan,nan,nan,nan,7,Other / not identified,972 Magazine,nan
toby_cohen,Toby Cohen,nan,972 Magazine,1.0,nan,nan,nan,nan,7,Other / not identified,972 Magazine,nan
todd_gitlin,Todd Gitlin,nan,972 Magazine,1.0,nan,nan,nan,nan,7,Other / not identified,972 Magazine,nan
tom_mehager,Tom Mehager,nan,972 Magazine,1.0,m,nan,nan,nan,7,Other / not identified,nan,https://www.972mag.com/writer/tom-mehager/
towibah_mjdoob,Towibah Mjdoob,nan,972 Magazine,1.0,f,nan,nan,nan,7,Other / not identified,972 Magazine,nan
trita_parsi,Trita Parsi,nan,972 Magazine,1.0,nan,nan,nan,nan,7,Other / not identified,972 Magazine,nan
uri_agnon,Uri Agnon,nan,972 Magazine,1.0,m,nan,nan,nan,7,Other / not identified,972 Magazine,nan
uri_horesh,Uri Horesh,nan,972 Magazine,1.0,m,nan,nan,nan,7,Other / not identified,972 Magazine,nan
uzzi_ornan,Uzzi Ornan,nan,972 Magazine,1.0,nan,nan,nan,nan,7,Other / not identified,972 Magazine,nan
varda_bachrach,Varda Bachrach,nan,972 Magazine,1.0,nan,nan,nan,nan,7,Other / not identified,972 Magazine,nan
vera_krichevskaya,Vera Krichevskaya,nan,972 Magazine,1.0,f,nan,nan,nan,7,Other / not identified,972 Magazine,nan
video_by_forensic_architecture,Video by Forensic Architecture,nan,972 Magazine,1.0,nan,nan,nan,nan,7,Other / not identified,Activestills,nan
wahaj_bani_moufleh,Wahaj Bani Moufleh,nan,972 Magazine,1.0,m,nan,nan,nan,7,Other / not identified,nan,https://www.972mag.com/writer/wahaj-bani-moufleh/
will_alden,Will Alden,nan,972 Magazine,1.0,m,nan,nan,nan,7,Other / not identified,nan,https://www.972mag.com/writer/will-alden/
yaara_benger_alaluf,Yaara Benger Alaluf,nan,972 Magazine,1.0,nan,nan,nan,nan,7,Other / not identified,nan,https://www.972mag.com/writer/yaara-benger-alaluf/
yael_arava,Yael Arava,nan,972 Magazine,1.0,f,nan,nan,nan,7,Other / not identified,972 Magazine,nan
yael_maron,Yael Maron,nan,972 Magazine,1.0,f,nan,nan,nan,7,Other / not identified,Activestills,nan
yaël_ronen,Yaël Ronen,nan,972 Magazine,1.0,nan,nan,nan,nan,7,Other / not identified,972 Magazine,nan
yael_stein,Yael Stein,nan,972 Magazine,1.0,f,nan,nan,nan,7,Other / not identified,972 Magazine,nan
yahel_gazit,Yahel Gazit,nan,972 Magazine,1.0,f,nan,nan,nan,7,Other / not identified,nan,https://www.972mag.com/writer/yahel-gazit/
yakov_m_rabkin,Yakov M. Rabkin,nan,972 Magazine,1.0,m,nan,nan,nan,7,Other / not identified,972 Magazine,nan
yakov_rabkin,Yakov Rabkin,nan,972 Magazine,1.0,m,nan,nan,nan,7,Other / not identified,972 Magazine,nan
yali_marom,Yali Marom,nan,972 Magazine,1.0,nan,nan,nan,nan,7,Other / not identified,nan,https://www.972mag.com/writer/yael-marom/
yaniv_eidelstein,Yaniv Eidelstein,nan,972 Magazine,1.0,m,nan,nan,nan,7,Other / not identified,972 Magazine,nan
yaniv_sagee,Yaniv Sagee,nan,972 Magazine,1.0,m,nan,nan,nan,7,Other / not identified,972 Magazine,nan
yasmeen_abu_fraiha,Yasmeen Abu Fraiha,nan,972 Magazine,1.0,f,nan,nan,nan,7,Other / not identified,972 Magazine,nan
yasmeen_daher,Yasmeen Daher,nan,972 Magazine,1.0,f,nan,nan,nan,7,Other / not identified,nan,nan
yazan_badran,Yazan Badran,nan,972 Magazine,1.0,nan,nan,nan,nan,7,Other / not identified,972 Magazine,nan
yehouda_shenhav_shahrabani,Yehouda Shenhav-Shahrabani,nan,972 Magazine,1.0,m,nan,nan,nan,7,Other / not identified,nan,https://www.972mag.com/writer/yehouda-shenhav-shahrabani/
yehuda_shaul,Yehuda Shaul,nan,972 Magazine,1.0,nan,nan,nan,nan,7,Other / not identified,nan,https://www.972mag.com/writer/yehuda-shaul/
yehudit_keshet,Yehudit Keshet,nan,972 Magazine,1.0,f,nan,nan,nan,7,Other / not identified,972 Magazine,nan
yehudit_oppenheimer,Yehudit Oppenheimer,nan,972 Magazine,1.0,f,nan,nan,nan,7,Other / not identified,972 Magazine,nan
yifat_solel,Yifat Solel,יפעת סולל,972 Magazine,1.0,nan,nan,nan,nan,7,Other / not identified,972 Magazine,nan
yigal_mosko,Yigal Mosko,nan,972 Magazine,1.0,nan,nan,nan,nan,7,Other / not identified,972 Magazine,nan
yizhar_be_er,Yizhar Be’er,nan,972 Magazine,1.0,nan,nan,nan,nan,7,Other / not identified,972 Magazine,nan
yoav_kapshuk,Yoav Kapshuk,nan,972 Magazine,1.0,m,nan,nan,nan,7,Other / not identified,972 Magazine,nan
yoav_shemer_kunz,Yoav Shemer Kunz,nan,972 Magazine,1.0,m,nan,nan,nan,7,Other / not identified,972 Magazine,nan
yonatan_amir,Yonatan Amir,nan,972 Magazine,1.0,m,nan,nan,nan,7,Other / not identified,972 Magazine,nan
yonatan_englender,Yonatan Englender,nan,972 Magazine,1.0,m,nan,nan,nan,7,Other / not identified,972 Magazine,nan
yonatan_gher,Yonatan Gher,nan,972 Magazine,1.0,m,nan,nan,nan,7,Other / not identified,972 Magazine,nan
yonatan_preminger,Yonatan Preminger,nan,972 Magazine,1.0,m,nan,nan,nan,7,Other / not identified,972 Magazine,nan
yoni_bass,Yoni Bass,nan,972 Magazine,1.0,m,nan,nan,nan,7,Other / not identified,972 Magazine,nan
yoni_eshpar,Yoni Eshpar,nan,972 Magazine,1.0,m,nan,nan,nan,7,Other / not identified,972 Magazine,nan
yoram_kaniuk,Yoram Kaniuk,nan,972 Magazine,1.0,nan,nan,nan,nan,7,Other / not identified,972 Magazine,nan
yossi_bartal,Yossi Bartal,nan,972 Magazine,1.0,m,nan,nan,nan,7,Other / not identified,972 Magazine,nan
yossi_sucary,Yossi Sucary,nan,972 Magazine,1.0,m,nan,nan,nan,7,Other / not identified,972 Magazine,nan
yotam_ben_hillel,Yotam Ben-Hillel,nan,972 Magazine,1.0,m,nan,nan,nan,7,Other / not identified,972 Magazine,nan
yousef_aljamal,Yousef Aljamal,nan,972 Magazine,1.0,m,nan,nan,nan,7,Other / not identified,nan,https://www.972mag.com/writer/yousef-aljamal/
yousef_munayyer,Yousef Munayyer,nan,972 Magazine,1.0,m,nan,nan,nan,7,Other / not identified,nan,https://www.972mag.com/writer/yousef-munayyer/
youssr_youssef,Youssr Youssef,nan,972 Magazine,1.0,f,nan,nan,nan,7,Other / not identified,nan,https://www.972mag.com/writer/youssr-youssef/
yudit_ilany,Yudit Ilany,nan,972 Magazine,1.0,nan,nan,nan,nan,7,Other / not identified,972 Magazine,nan
yuval_halperin,Yuval Halperin,nan,972 Magazine,1.0,nan,nan,nan,nan,7,Other / not identified,972 Magazine,nan
yuval_orr,Yuval Orr,nan,972 Magazine,1.0,nan,nan,nan,nan,7,Other / not identified,nan,nan
zaha_hassan,Zaha Hassan,nan,972 Magazine,1.0,f,nan,nan,nan,7,Other / not identified,nan,https://www.972mag.com/writer/zaha-hassan/
zehava_galon,Zehava Galon,nan,972 Magazine,1.0,nan,nan,nan,nan,7,Other / not identified,972 Magazine,nan
zena_agha,Zena Agha,nan,972 Magazine,1.0,f,nan,nan,nan,7,Other / not identified,972 Magazine,nan
ziv_stahl,Ziv Stahl,nan,972 Magazine,1.0,nan,nan,nan,nan,7,Other / not identified,972 Magazine,nan
zizo_abul_hawa,Zizo Abul Hawa,nan,972 Magazine,1.0,nan,nan,nan,nan,7,Other / not identified,972 Magazine,nan
zleikha_muhtaseb,Zleikha Muhtaseb,nan,972 Magazine,1.0,nan,nan,nan,nan,7,Other / not identified,972 Magazine,nan
eitay_mack_merge,Eitay Mack*** (merge),nan,972 Magazine,,m,nan,nan,nan,7,Other / not identified,972 Magazine,nan
dan_gazit,Dan Gazit,nan,972 Magazine,,m,nan,nan,nan,7,Other / not identified,972 Magazine,nan
אורן_זיו,,אורן זיו,Local Call,925.0,,,,,7,Other / not identified,,
חגי_מטר,,חגי מטר,Local Call,655.0,,,,,7,Other / not identified,,
אורלי_נוי,,אורלי נוי,Local Call,636.0,,,,,7,Other / not identified,,
גיל_גרטל,,גיל גרטל,Local Call,593.0,,,,,7,Other / not identified,,
מירון_רפופורט,,מירון רפופורט,Local Call,371.0,,,,,7,Other / not identified,,
סמאח_סלאימה,,סמאח סלאימה,Local Call,340.0,,,,,7,Other / not identified,,
יהלי_מרום,,יהלי מרום,Local Call,316.0,,,,,7,Other / not identified,,
בכר_זועבי,,בכר זועבי,Local Call,252.0,,,,,7,Other / not identified,,
סבסטיאן_בן_דניאל_ג_ון_בראון,,סבסטיאן בן דניאל (ג'ון בראון),Local Call,252.0,,,,,7,Other / not identified,,
נועם_שיזף,,נועם שיזף,Local Call,183.0,,,,,7,Other / not identified,,
רמי_יונס,,רמי יונס,Local Call,162.0,,,,,7,Other / not identified,,
יובל_אברהם,,יובל אברהם,Local Call,145.0,,,,,7,Other / not identified,,
אלי_ביתאן,,אלי ביתאן,Local Call,124.0,,,,,7,Other / not identified,,
נעם_רותם,,נעם רותם,Local Call,105.0,,,,,7,Other / not identified,,
לילך_בן_דוד,,לילך בן דוד,Local Call,99.0,,,,,7,Other / not identified,,
מיכאל_סולסברי_כורך,,מיכאל סולסברי-כורך,Local Call,99.0,,,,,7,Other / not identified,,
מיכאל_ספיר,,מיכאל ספיר,Local Call,97.0,,,,,7,Other / not identified,,
אבי_בלכרמן,,אבי בלכרמן,Local Call,88.0,,,,,7,Other / not identified,,
יפעת_סולל,,יפעת סולל,Local Call,85.0,,,,,7,Other / not identified,,
סוהא_עראף,,סוהא עראף,Local Call,81.0,,,,,7,Other / not identified,,
יובל_בן_עמי,,יובל בן-עמי,Local Call,80.0,,,,,7,Other / not identified,,
דני_בלר,,דני בלר,Local Call,75.0,,,,,7,Other / not identified,,
מנחם_קליין,,מנחם קליין,Local Call,72.0,,,,,7,Other / not identified,,
אביב_טטרסקי,,אביב טטרסקי,Local Call,70.0,,,,,7,Other / not identified,,
רענן_שמש_פורשנר,,רענן שמש-פורשנר,Local Call,64.0,,,,,7,Other / not identified,,
אלמה_ביבלש,,אלמה ביבלש,Local Call,63.0,,,,,7,Other / not identified,,
יוני_מנדל,,יוני מנדל,Local Call,59.0,,,,,7,Other / not identified,,
תמר_בן_דוד,,תמר בן דוד,Local Call,58.0,,,,,7,Other / not identified,,
באסל_עדרה,,באסל עדרה,Local Call,55.0,,,,,7,Other / not identified,,
ספיר_סלוצקר_עמראן,,ספיר סלוצקר-עמראן,Local Call,53.0,,,,,7,Other / not identified,,
איתי_מק,,איתי מק,Local Call,50.0,,,,,7,Other / not identified,,
יאסר_אבו_ערישה,,יאסר אבו ערישה,Local Call,50.0,,,,,7,Other / not identified,,
אדי_ז_נסקר,,אדי ז'נסקר,Local Call,49.0,,,,,7,Other / not identified,,
מיכאל_שפר_עומר_מן,,מיכאל שפר עומר-מן,Local Call,46.0,,,,,7,Other / not identified,,
רועי_כהן,,רועי כהן,Local Call,46.0,,,,,7,Other / not identified,,
יעל_מרום,,יעל מרום,Local Call,45.0,,,,,7,Other / not identified,,
אבי_דבוש,,אבי דבוש,Local Call,44.0,,,,,7,Other / not identified,,
אלון_מזרחי,,אלון מזרחי,Local Call,44.0,,,,,7,Other / not identified,,
מיכל_רותם,,מיכל רותם,Local Call,44.0,,,,,7,Other / not identified,,
עדו_קונרד,,עדו קונרד,Local Call,40.0,,,,,7,Other / not identified,,
יואב_חיפאווי,,יואב חיפאווי,Local Call,39.0,,,,,7,Other / not identified,,
מקבולה_נסאר,,מקבולה נסאר,Local Call,39.0,,,,,7,Other / not identified,,
רחלי_סעיד,,רחלי סעיד,Local Call,38.0,,,,,7,Other / not identified,,
חגי_אלעד,,חגי אלעד,Local Call,36.0,,,,,7,Other / not identified,,
מאיה_דומן_שפיטלניק,,מאיה דומן שפיטלניק,Local Call,35.0,,,,,7,Other / not identified,,
פנינה_פויפר,,פנינה פויפר,Local Call,33.0,,,,,7,Other / not identified,,
אריאל_ליבנה,,אריאל ליבנה,Local Call,32.0,,,,,7,Other / not identified,,
ענבל_בן_יהודה,,ענבל בן יהודה,Local Call,32.0,,,,,7,Other / not identified,,
אחמד_אל_באז,,אחמד אל-באז,Local Call,31.0,,,,,7,Other / not identified,,
אינה_מיכאלי,,אינה מיכאלי,Local Call,31.0,,,,,7,Other / not identified,,
ודיע_עואודה,,ודיע עואודה,Local Call,31.0,,,,,7,Other / not identified,,
לי_מרדכי,,לי מרדכי,Local Call,31.0,,,,,7,Other / not identified,,
אמיר_פאח_ורי,,אמיר פאח'ורי,Local Call,30.0,,,,,7,Other / not identified,,
מרזוק_אלחלבי,,מרזוק אלחלבי,Local Call,30.0,,,,,7,Other / not identified,,
באסל_אל_עדרה,,באסל אל-עדרה,Local Call,29.0,,,,,7,Other / not identified,,
יונית_מוזס,,יונית מוזס,Local Call,29.0,,,,,7,Other / not identified,,
אלינור_דוידוב,,אלינור דוידוב,Local Call,28.0,,,,,7,Other / not identified,,
ליאת_קוזמא,,ליאת קוזמא,Local Call,28.0,,,,,7,Other / not identified,,
בסאם_אלמוהור,,בסאם אלמוהור,Local Call,27.0,,,,,7,Other / not identified,,
מתן_קמינר,,מתן קמינר,Local Call,26.0,,,,,7,Other / not identified,,
מאיר_עמור,,מאיר עמור,Local Call,25.0,,,,,7,Other / not identified,,
סאמר_בדאווי,,סאמר בדאווי,Local Call,25.0,,,,,7,Other / not identified,,
רפרם_חדד,,רפרם חדד,Local Call,25.0,,,,,7,Other / not identified,,
בנימין_מוזס,,בנימין מוזס,Local Call,24.0,,,,,7,Other / not identified,,
ליאור_שטרנפלד,,ליאור שטרנפלד,Local Call,24.0,,,,,7,Other / not identified,,
עמיר_סגל,,עמיר סגל,Local Call,24.0,,,,,7,Other / not identified,,
אליזבט_צורקוב,,אליזבט צורקוב,Local Call,23.0,,,,,7,Other / not identified,,
נעמי_נידם,,נעמי נידם,Local Call,23.0,,,,,7,Other / not identified,,
רווידה_כמאל_עמאר,,רווידה כמאל עמאר,Local Call,23.0,,,,,7,Other / not identified,,
מיכל_בסן,,מיכל בסן,Local Call,22.0,,,,,7,Other / not identified,,
מרב_זונשיין,,מרב זונשיין,Local Call,22.0,,,,,7,Other / not identified,,
מתן_גולן,,מתן גולן,Local Call,22.0,,,,,7,Other / not identified,,
מחמוד_מושתהא,,מחמוד מושתהא,Local Call,21.0,,,,,7,Other / not identified,,
איתן_קלינסקי,,איתן קלינסקי,Local Call,20.0,,,,,7,Other / not identified,,
דרור_אטקס,,דרור אטקס,Local Call,20.0,,,,,7,Other / not identified,,
לילי_גלילי,,לילי גלילי,Local Call,20.0,,,,,7,Other / not identified,,
רלה_מזלי,,רלה מזלי,Local Call,20.0,,,,,7,Other / not identified,,
אמג_ד_עיראקי,,אמג'ד עיראקי,Local Call,19.0,,,,,7,Other / not identified,,
יהודית_אופנהיימר,,יהודית אופנהיימר,Local Call,18.0,,,,,7,Other / not identified,,
יונתן_מזרחי,,יונתן מזרחי,Local Call,18.0,,,,,7,Other / not identified,,
אמיר_בשה,,אמיר בשה,Local Call,17.0,,,,,7,Other / not identified,,
ג_ווארה_בדר,,ג'ווארה בדר,Local Call,17.0,,,,,7,Other / not identified,,
דליה_שיינדלין,,דליה שיינדלין,Local Call,17.0,,,,,7,Other / not identified,,
מוסי_רז,,מוסי רז,Local Call,17.0,,,,,7,Other / not identified,,
ע_אזי_אבו_ג_יאב,,ע'אזי אבו ג'יאב,Local Call,17.0,,,,,7,Other / not identified,,
איבתיסאם_מהדי,,איבתיסאם מהדי,Local Call,16.0,,,,,7,Other / not identified,,
עבד_אבו_שחאדה,,עבד אבו שחאדה,Local Call,16.0,,,,,7,Other / not identified,,
ענת_מטר,,ענת מטר,Local Call,16.0,,,,,7,Other / not identified,,
רועי_מאור,,רועי מאור,Local Call,16.0,,,,,7,Other / not identified,,
שמוליק_דוד,,שמוליק דוד,Local Call,16.0,,,,,7,Other / not identified,,
אמיר_רותם,,אמיר רותם,Local Call,15.0,,,,,7,Other / not identified,,
הנרייט_שקר,,הנרייט שקר,Local Call,15.0,,,,,7,Other / not identified,,
חיה_נח,,חיה נח,Local Call,15.0,,,,,7,Other / not identified,,
ישי_מנוחין,,ישי מנוחין,Local Call,15.0,,,,,7,Other / not identified,,
מורן_סבוראי,,מורן סבוראי,Local Call,15.0,,,,,7,Other / not identified,,
מתי_שמואלוף,,מתי שמואלוף,Local Call,15.0,,,,,7,Other / not identified,,
נדב_פרנקוביץ,,נדב פרנקוביץ',Local Call,15.0,,,,,7,Other / not identified,,
סם_בחור,,סם בחור,Local Call,15.0,,,,,7,Other / not identified,,
עידו_ליבן,,עידו ליבן,Local Call,15.0,,,,,7,Other / not identified,,
אסף_דוד,,אסף דוד,Local Call,14.0,,,,,7,Other / not identified,,
יובל_אילון,,יובל אילון,Local Call,14.0,,,,,7,Other / not identified,,
יולי_נובק,,יולי נובק,Local Call,14.0,,,,,7,Other / not identified,,
מוחמד_זאנון,,מוחמד זאנון,Local Call,14.0,,,,,7,Other / not identified,,
נטשה_רוט,,נטשה רוט,Local Call,14.0,,,,,7,Other / not identified,,
רון_גרליץ,,רון גרליץ,Local Call,14.0,,,,,7,Other / not identified,,
תום_פסח,,תום פסח,Local Call,14.0,,,,,7,Other / not identified,,
אבנר_גבריהו,,אבנר גבריהו,Local Call,13.0,,,,,7,Other / not identified,,
אחמד_אחמד,,אחמד אחמד,Local Call,13.0,,,,,7,Other / not identified,,
דנה_מילס,,דנה מילס,Local Call,13.0,,,,,7,Other / not identified,,
דניאל_חקלאי,,דניאל חקלאי,Local Call,13.0,,,,,7,Other / not identified,,
חמי_שיף,,חמי שיף,Local Call,13.0,,,,,7,Other / not identified,,
טלי_גולדרינג,,טלי גולדרינג,Local Call,13.0,,,,,7,Other / not identified,,
יריב_מוהר,,יריב מוהר,Local Call,13.0,,,,,7,Other / not identified,,
מיכאל_ספרד,,מיכאל ספרד,Local Call,13.0,,,,,7,Other / not identified,,
מרסלו_מנחם_וקסלר,,מרסלו מנחם וקסלר,Local Call,13.0,,,,,7,Other / not identified,,
נטע_איפרגן,,נטע איפרגן,Local Call,13.0,,,,,7,Other / not identified,,
איתי_מלאך,,איתי מלאך,Local Call,12.0,,,,,7,Other / not identified,,
אלמוג_בהר,,אלמוג בהר,Local Call,12.0,,,,,7,Other / not identified,,
גבי_גולדמן,,גבי גולדמן,Local Call,12.0,,,,,7,Other / not identified,,
רווידה_עאמר,,רווידה עאמר,Local Call,12.0,,,,,7,Other / not identified,,
רחל_בית_אריה,,רחל בית אריה,Local Call,12.0,,,,,7,Other / not identified,,
שירי_אייזנר,,שירי אייזנר,Local Call,12.0,,,,,7,Other / not identified,,
אורטל_בן_דיין,,אורטל בן-דיין,Local Call,11.0,,,,,7,Other / not identified,,
אלכס_קיין,,אלכס קיין,Local Call,11.0,,,,,7,Other / not identified,,
ג_ן_מרלו,,ג'ן מרלו,Local Call,11.0,,,,,7,Other / not identified,,
דן_אואן,,דן אואן,Local Call,11.0,,,,,7,Other / not identified,,
מירב_אמיר,,מירב אמיר,Local Call,11.0,,,,,7,Other / not identified,,
נעה_פינטו,,נעה פינטו,Local Call,11.0,,,,,7,Other / not identified,,
נתן_אודנהיימר,,נתן אודנהיימר,Local Call,11.0,,,,,7,Other / not identified,,
סהר_ורדי,,סהר ורדי,Local Call,11.0,,,,,7,Other / not identified,,
סעיד_זידאני,,סעיד זידאני,Local Call,11.0,,,,,7,Other / not identified,,
עמוס_גולדברג,,עמוס גולדברג,Local Call,11.0,,,,,7,Other / not identified,,
קרן_מנור,,קרן מנור,Local Call,11.0,,,,,7,Other / not identified,,
ראיף_זריק,,ראיף זריק,Local Call,11.0,,,,,7,Other / not identified,,
רווידה_כמאל_עאמר,,רווידה כמאל עאמר,Local Call,11.0,,,,,7,Other / not identified,,
אורי_בן_דב,,אורי בן-דב,Local Call,10.0,,,,,7,Other / not identified,,
איאת_אבו_שמיס,,איאת אבו שמיס,Local Call,10.0,,,,,7,Other / not identified,,
אייל_הראובני,,אייל הראובני,Local Call,10.0,,,,,7,Other / not identified,,
זיו_שטהל,,זיו שטהל,Local Call,10.0,,,,,7,Other / not identified,,
לב_גרינברג,,לב גרינברג,Local Call,10.0,,,,,7,Other / not identified,,
מייסלון_דלאשה,,מייסלון דלאשה,Local Call,10.0,,,,,7,Other / not identified,,
מיקי_לוזון,,מיקי לוזון,Local Call,10.0,,,,,7,Other / not identified,,
סמדר_בן_נתן,,סמדר בן-נתן,Local Call,10.0,,,,,7,Other / not identified,,
עאוני_אל_משני,,עאוני אל-משני,Local Call,10.0,,,,,7,Other / not identified,,
שולי_דיכטר,,שולי דיכטר,Local Call,10.0,,,,,7,Other / not identified,,
אורי_וולטמן,,אורי וולטמן,Local Call,9.0,,,,,7,Other / not identified,,
אורן_יפתחאל,,אורן יפתחאל,Local Call,9.0,,,,,7,Other / not identified,,
אליצור_גלוק,,אליצור גלוק,Local Call,9.0,,,,,7,Other / not identified,,
אנדרה_דרזנין,,אנדרה דרזנין,Local Call,9.0,,,,,7,Other / not identified,,
ארי_רמז,,ארי רמז,Local Call,9.0,,,,,7,Other / not identified,,
הגר_שיזף,,הגר שיזף,Local Call,9.0,,,,,7,Other / not identified,,
חיים_ברעם,,חיים ברעם,Local Call,9.0,,,,,7,Other / not identified,,
יהושע_ג_וש_לייפר,,יהושע (ג'וש) לייפר,Local Call,9.0,,,,,7,Other / not identified,,
יניב_בר_אילן,,יניב בר אילן,Local Call,9.0,,,,,7,Other / not identified,,
כרמלה_כהן_שלומי,,כרמלה כהן שלומי,Local Call,9.0,,,,,7,Other / not identified,,
ליאל_מגן,,ליאל מגן,Local Call,9.0,,,,,7,Other / not identified,,
מוחמד_ר_מהאווש,,מוחמד ר. מהאווש,Local Call,9.0,,,,,7,Other / not identified,,
מנשה_שרביט,,מנשה שרביט,Local Call,9.0,,,,,7,Other / not identified,,
ספי_קרופסקי,,ספי קרופסקי,Local Call,9.0,,,,,7,Other / not identified,,
עמי_קאופמן,,עמי קאופמן,Local Call,9.0,,,,,7,Other / not identified,,
שי_אילן,,שי אילן,Local Call,9.0,,,,,7,Other / not identified,,
אבי_רם_צורף,,אבי-רם צורף,Local Call,8.0,,,,,7,Other / not identified,,
אורי_ארליך,,אורי ארליך,Local Call,8.0,,,,,7,Other / not identified,,
אילן_ברוך,,אילן ברוך,Local Call,8.0,,,,,7,Other / not identified,,
אמל_עוראבי,,אמל עוראבי,Local Call,8.0,,,,,7,Other / not identified,,
ג_ואד_בולוס,,ג'ואד בולוס,Local Call,8.0,,,,,7,Other / not identified,,
ג_ון_בראון,,ג'ון בראון,Local Call,8.0,,,,,7,Other / not identified,,
דב_חנין,,דב חנין,Local Call,8.0,,,,,7,Other / not identified,,
היבא_ג_מאל,,היבא ג'מאל,Local Call,8.0,,,,,7,Other / not identified,,
יוסף_כהן,,יוסף כהן,Local Call,8.0,,,,,7,Other / not identified,,
יוסף_רפופורט,,יוסף רפופורט,Local Call,8.0,,,,,7,Other / not identified,,
יעל_ברדה,,יעל ברדה,Local Call,8.0,,,,,7,Other / not identified,,
ישראל_פריי,,ישראל פריי,Local Call,8.0,,,,,7,Other / not identified,,
ליסה_גולדמן,,ליסה גולדמן,Local Call,8.0,,,,,7,Other / not identified,,
מעין_דק,,מעין דק,Local Call,8.0,,,,,7,Other / not identified,,
ערן_צדקיהו,,ערן צדקיהו,Local Call,8.0,,,,,7,Other / not identified,,
פאדי_ח_ורי,,פאדי ח'ורי,Local Call,8.0,,,,,7,Other / not identified,,
שלום_בוגוסלבסקי,,שלום בוגוסלבסקי,Local Call,8.0,,,,,7,Other / not identified,,
תמיר_שורק,,תמיר שורק,Local Call,8.0,,,,,7,Other / not identified,,
תמר_פליישמן,,תמר פליישמן,Local Call,8.0,,,,,7,Other / not identified,,
אברהים_מוחמד,,אברהים מוחמד,Local Call,7.0,,,,,7,Other / not identified,,
אודי_פלג,,אודי פלג,Local Call,7.0,,,,,7,Other / not identified,,
איאד_שלאבנה,,איאד שלאבנה,Local Call,7.0,,,,,7,Other / not identified,,
אלי_אמינוב,,אלי אמינוב,Local Call,7.0,,,,,7,Other / not identified,,
אלעד_כרמל,,אלעד כרמל,Local Call,7.0,,,,,7,Other / not identified,,
אסף_בונדי,,אסף בונדי,Local Call,7.0,,,,,7,Other / not identified,,
אקטיבסטילס,,אקטיבסטילס,Local Call,7.0,,,,,7,Other / not identified,,
גולי_דולב_השילוני,,גולי דולב-השילוני,Local Call,7.0,,,,,7,Other / not identified,,
דאליה_חלבי,,דאליה חלבי,Local Call,7.0,,,,,7,Other / not identified,,
יואב_שמר_קונץ,,יואב שמר-קונץ,Local Call,7.0,,,,,7,Other / not identified,,
יונתן_אמיר,,יונתן אמיר,Local Call,7.0,,,,,7,Other / not identified,,
יקיר_אדלמן,,יקיר אדלמן,Local Call,7.0,,,,,7,Other / not identified,,
מעין_גלילי,,מעין גלילי,Local Call,7.0,,,,,7,Other / not identified,,
סופיה_גודפרנד,,סופיה גודפרנד,Local Call,7.0,,,,,7,Other / not identified,,
עביר_איוב,,עביר איוב,Local Call,7.0,,,,,7,Other / not identified,,
עזה,,עזה,Local Call,7.0,,,,,7,Other / not identified,,
פאטמה_עבד_אלכרים,,פאטמה עבד אלכרים,Local Call,7.0,,,,,7,Other / not identified,,
קולו_אור,,קולו אור,Local Call,7.0,,,,,7,Other / not identified,,
רונה_ברנס,,רונה ברנס,Local Call,7.0,,,,,7,Other / not identified,,
שלמה_סבירסקי,,שלמה סבירסקי,Local Call,7.0,,,,,7,Other / not identified,,
middle_east_eye,,Middle East Eye,Local Call,6.0,,,,,7,Other / not identified,,
אביעד_הומינר_רוזנבלום,,אביעד הומינר-רוזנבלום,Local Call,6.0,,,,,7,Other / not identified,,
און_דגן,,און דגן,Local Call,6.0,,,,,7,Other / not identified,,
אילן_זיסר,,אילן זיסר,Local Call,6.0,,,,,7,Other / not identified,,
אלון_ארד,,אלון ארד,Local Call,6.0,,,,,7,Other / not identified,,
אלון_קונפינו,,אלון קונפינו,Local Call,6.0,,,,,7,Other / not identified,,
אסמעיל,,אסמעיל,Local Call,6.0,,,,,7,Other / not identified,,
אשר_רוכברגר,,אשר רוכברגר,Local Call,6.0,,,,,7,Other / not identified,,
דותן_לשם,,דותן לשם,Local Call,6.0,,,,,7,Other / not identified,,
דני_פילק,,דני פילק,Local Call,6.0,,,,,7,Other / not identified,,
הדס_זיו,,הדס זיו,Local Call,6.0,,,,,7,Other / not identified,,
יאלי_השש,,יאלי השש,Local Call,6.0,,,,,7,Other / not identified,,
יאנה_פבזנר,,יאנה פבזנר,Local Call,6.0,,,,,7,Other / not identified,,
יהונתן_קלינגר,,יהונתן קלינגר,Local Call,6.0,,,,,7,Other / not identified,,
יעלה_רענן,,יעלה רענן,Local Call,6.0,,,,,7,Other / not identified,,
יעקב_יוסף_טייכמאן,,יעקב יוסף טייכמאן,Local Call,6.0,,,,,7,Other / not identified,,
מאיה_גוארניירי,,מאיה גוארניירי,Local Call,6.0,,,,,7,Other / not identified,,
מושיק_טמקין,,מושיק טמקין,Local Call,6.0,,,,,7,Other / not identified,,
מיכל_סימונט_כורך,,מיכל סימונט כורך,Local Call,6.0,,,,,7,Other / not identified,,
נאסר_לחאם,,נאסר לחאם,Local Call,6.0,,,,,7,Other / not identified,,
נועה_לוי,,נועה לוי,Local Call,6.0,,,,,7,Other / not identified,,
נטע_עמר_שיף,,נטע עמר-שיף,Local Call,6.0,,,,,7,Other / not identified,,
נתן_שקרצ_י,,נתן שקרצ'י,Local Call,6.0,,,,,7,Other / not identified,,
סאוסן_ח_ליפה,,סאוסן ח'ליפה,Local Call,6.0,,,,,7,Other / not identified,,
עמי_וטורי,,עמי וטורי,Local Call,6.0,,,,,7,Other / not identified,,
רון_ברקאי,,רון ברקאי,Local Call,6.0,,,,,7,Other / not identified,,
רמי_גודוביץ,,רמי גודוביץ,Local Call,6.0,,,,,7,Other / not identified,,
תומר_פרסיקו,,תומר פרסיקו,Local Call,6.0,,,,,7,Other / not identified,,
אור_סרי,,אור סרי,Local Call,5.0,,,,,7,Other / not identified,,
אחמד_אבו_רתימה,,אחמד אבו רתימה,Local Call,5.0,,,,,7,Other / not identified,,
אחמד_רפאת,,אחמד רפאת,Local Call,5.0,,,,,7,Other / not identified,,
אילן_פפה,,אילן פפה,Local Call,5.0,,,,,7,Other / not identified,,
איסטנבול,,איסטנבול,Local Call,5.0,,,,,7,Other / not identified,,
איריס_חפץ,,איריס חפץ,Local Call,5.0,,,,,7,Other / not identified,,
איתמר_שאלתיאל,,איתמר שאלתיאל,Local Call,5.0,,,,,7,Other / not identified,,
אלון_איזק,,אלון איזק,Local Call,5.0,,,,,7,Other / not identified,,
אלון_לי_גרין,,אלון-לי גרין,Local Call,5.0,,,,,7,Other / not identified,,
אשר_קאופמן,,אשר קאופמן,Local Call,5.0,,,,,7,Other / not identified,,
ג_אסט_ויז_ן,,ג'אסט ויז'ן,Local Call,5.0,,,,,7,Other / not identified,,
ג_וזף_אטרש,,ג'וזף אטרש,Local Call,5.0,,,,,7,Other / not identified,,
דוד_אנוך,,דוד אנוך,Local Call,5.0,,,,,7,Other / not identified,,
דוד_זונשיין,,דוד זונשיין,Local Call,5.0,,,,,7,Other / not identified,,
דורין_ליזר,,דורין ליזר,Local Call,5.0,,,,,7,Other / not identified,,
דני_אורבך,,דני אורבך,Local Call,5.0,,,,,7,Other / not identified,,
הודא_מזיודאת,,הודא מזיודאת,Local Call,5.0,,,,,7,Other / not identified,,
ורה_סג_ראווי,,ורה סג'ראווי,Local Call,5.0,,,,,7,Other / not identified,,
חן_משגב,,חן משגב,Local Call,5.0,,,,,7,Other / not identified,,
טארק_בקעוני,,טארק בקעוני,Local Call,5.0,,,,,7,Other / not identified,,
טל_שוורץ,,טל שוורץ,Local Call,5.0,,,,,7,Other / not identified,,
טניה_רובינשטיין,,טניה רובינשטיין,Local Call,5.0,,,,,7,Other / not identified,,
יהודה_שאול,,יהודה שאול,Local Call,5.0,,,,,7,Other / not identified,,
יסמין_הלוי,,יסמין הלוי,Local Call,5.0,,,,,7,Other / not identified,,
יערה_פרץ,,יערה פרץ,Local Call,5.0,,,,,7,Other / not identified,,
מוטי_גיגי,,מוטי גיגי,Local Call,5.0,,,,,7,Other / not identified,,
מור_גלבוע,,מור גלבוע,Local Call,5.0,,,,,7,Other / not identified,,
מיה_אויס,,מיה אויס,Local Call,5.0,,,,,7,Other / not identified,,
מערכת_שיחה_מקומית,,מערכת שיחה מקומית,Local Call,5.0,,,,,7,Other / not identified,,
מרלין_וניג,,מרלין וניג,Local Call,5.0,,,,,7,Other / not identified,,
מתן_מוריסון,,מתן מוריסון,Local Call,5.0,,,,,7,Other / not identified,,
ניב_גורדון,,ניב גורדון,Local Call,5.0,,,,,7,Other / not identified,,
ניר_ברעם,,ניר ברעם,Local Call,5.0,,,,,7,Other / not identified,,
נמרוד_גורן,,נמרוד גורן,Local Call,5.0,,,,,7,Other / not identified,,
עופר_דגן,,עופר דגן,Local Call,5.0,,,,,7,Other / not identified,,
עופר_כסיף,,עופר כסיף,Local Call,5.0,,,,,7,Other / not identified,,
עידן_בריר,,עידן בריר,Local Call,5.0,,,,,7,Other / not identified,,
רג_א_זעאתרה,,רג'א זעאתרה,Local Call,5.0,,,,,7,Other / not identified,,
רועי_ג_רופי,,רועי ג'רופי,Local Call,5.0,,,,,7,Other / not identified,,
רז_סגל,,רז סגל,Local Call,5.0,,,,,7,Other / not identified,,
רלוקה_גנאה,,רלוקה גנאה,Local Call,5.0,,,,,7,Other / not identified,,
רן_גולדשטיין,,רן גולדשטיין,Local Call,5.0,,,,,7,Other / not identified,,
רפי_גרינברג,,רפי גרינברג,Local Call,5.0,,,,,7,Other / not identified,,
שהרזאד_עודה,,שהרזאד עודה,Local Call,5.0,,,,,7,Other / not identified,,
תמר_הגר,,תמר הגר,Local Call,5.0,,,,,7,Other / not identified,,
אבנר_וישניצר,,אבנר וישניצר,Local Call,4.0,,,,,7,Other / not identified,,
אדם_רז,,אדם רז,Local Call,4.0,,,,,7,Other / not identified,,
אורי_גולדברג,,אורי גולדברג,Local Call,4.0,,,,,7,Other / not identified,,
אורי_וייס,,אורי וייס,Local Call,4.0,,,,,7,Other / not identified,,
אורלי_לוינזון_סלע,,אורלי לוינזון-סלע,Local Call,4.0,,,,,7,Other / not identified,,
אחמד_טיבי,,אחמד טיבי,Local Call,4.0,,,,,7,Other / not identified,,
איה_שושן,,איה שושן,Local Call,4.0,,,,,7,Other / not identified,,
איימן_עודה,,איימן עודה,Local Call,4.0,,,,,7,Other / not identified,,
איתן_ברונשטיין_אפריסיו,,איתן ברונשטיין אפריסיו,Local Call,4.0,,,,,7,Other / not identified,,
אלדד_בן_אהרון,,אלדד בן אהרון,Local Call,4.0,,,,,7,Other / not identified,,
אלון_כהן_ליפשיץ,,אלון כהן ליפשיץ,Local Call,4.0,,,,,7,Other / not identified,,
אלי_שמואלי,,אלי שמואלי,Local Call,4.0,,,,,7,Other / not identified,,
אמג_ד_שביטה,,אמג'ד שביטה,Local Call,4.0,,,,,7,Other / not identified,,
אמיתי_בן_אבא,,אמיתי בן-אבא,Local Call,4.0,,,,,7,Other / not identified,,
אמנון_בארי_סוליציאנו,,אמנון בארי-סוליציאנו,Local Call,4.0,,,,,7,Other / not identified,,
אפרים_דוידי,,אפרים דוידי,Local Call,4.0,,,,,7,Other / not identified,,
בן_רייף,,בן רייף,Local Call,4.0,,,,,7,Other / not identified,,
בשיר_כרכבי,,בשיר כרכבי,Local Call,4.0,,,,,7,Other / not identified,,
ג_ודית_סודילובסקי,,ג'ודית סודילובסקי,Local Call,4.0,,,,,7,Other / not identified,,
גדי_אלגזי,,גדי אלגזי,Local Call,4.0,,,,,7,Other / not identified,,
גל_קרמרסקי,,גל קרמרסקי,Local Call,4.0,,,,,7,Other / not identified,,
דימה_דראושה,,דימה דראושה,Local Call,4.0,,,,,7,Other / not identified,,
דימי_ריידר,,דימי ריידר,Local Call,4.0,,,,,7,Other / not identified,,
דן_בן_ישי,,דן בן-ישי,Local Call,4.0,,,,,7,Other / not identified,,
דניאל_דור,,דניאל דור,Local Call,4.0,,,,,7,Other / not identified,,
דניאל_לוי,,דניאל לוי,Local Call,4.0,,,,,7,Other / not identified,,
האנו_האונשטיין,,האנו האונשטיין,Local Call,4.0,,,,,7,Other / not identified,,
הרב_אריק_אשרמן,,הרב אריק אשרמן,Local Call,4.0,,,,,7,Other / not identified,,
חאזם_סאריה,,חאזם סאריה,Local Call,4.0,,,,,7,Other / not identified,,
חנה_ספרן,,חנה ספרן,Local Call,4.0,,,,,7,Other / not identified,,
חנין_זועבי,,חנין זועבי,Local Call,4.0,,,,,7,Other / not identified,,
יאיר_אורון,,יאיר אורון,Local Call,4.0,,,,,7,Other / not identified,,
יונתן_המפל,,יונתן המפל,Local Call,4.0,,,,,7,Other / not identified,,
מוריאל_רוטמן_זכר,,מוריאל רוטמן-זכר,Local Call,4.0,,,,,7,Other / not identified,,
מוריה_שלומות,,מוריה שלומות,Local Call,4.0,,,,,7,Other / not identified,,
מיכאל_מנקין,,מיכאל מנקין,Local Call,4.0,,,,,7,Other / not identified,,
מיכל_ברייאר,,מיכל ברייאר,Local Call,4.0,,,,,7,Other / not identified,,
מיכל_פלדון,,מיכל פלדון,Local Call,4.0,,,,,7,Other / not identified,,
מיכל_צ_רנוביצקי,,מיכל צ'רנוביצקי,Local Call,4.0,,,,,7,Other / not identified,,
מעתסם_דאלול,,מעתסם דאלול,Local Call,4.0,,,,,7,Other / not identified,,
ניר_אבישי_כהן,,ניר אבישי כהן,Local Call,4.0,,,,,7,Other / not identified,,
נעם_בוקסבאום,,נעם בוקסבאום,Local Call,4.0,,,,,7,Other / not identified,,
סדר_אזורי,,סדר אזורי,Local Call,4.0,,,,,7,Other / not identified,,
סולימאן_מסוואדי,,סולימאן מסוואדי,Local Call,4.0,,,,,7,Other / not identified,,
סומוו_יונס,,סומוו יונס,Local Call,4.0,,,,,7,Other / not identified,,
סלימאן_אלתיהי,,סלימאן אלתיהי,Local Call,4.0,,,,,7,Other / not identified,,
ע_אדה_מג_אדלה,,ע'אדה מג'אדלה,Local Call,4.0,,,,,7,Other / not identified,,
עדי_גולן_בכנפו,,עדי גולן בכנפו,Local Call,4.0,,,,,7,Other / not identified,,
עידו_נייס,,עידו נייס,Local Call,4.0,,,,,7,Other / not identified,,
עלא_חליחל,,עלא חליחל,Local Call,4.0,,,,,7,Other / not identified,,
עלמה_מרים_כץ,,עלמה מרים כץ,Local Call,4.0,,,,,7,Other / not identified,,
עמוס_בריזון,,עמוס בריזון,Local Call,4.0,,,,,7,Other / not identified,,
עמיר_טאובר,,עמיר טאובר,Local Call,4.0,,,,,7,Other / not identified,,
עמית_גורביץ,,עמית גורביץ',Local Call,4.0,,,,,7,Other / not identified,,
ע_מר_אלע_בארי,,עֻמר אלע'בארי,Local Call,4.0,,,,,7,Other / not identified,,
ענת_בן_דוד,,ענת בן דוד,Local Call,4.0,,,,,7,Other / not identified,,
ערן_חכים,,ערן חכים,Local Call,4.0,,,,,7,Other / not identified,,
פאדי_מקלדה,,פאדי מקלדה,Local Call,4.0,,,,,7,Other / not identified,,
פרימה_מרפי_בוביס,,פרימה (מרפי) בוביס,Local Call,4.0,,,,,7,Other / not identified,,
קסניה_סבטלובה,,קסניה סבטלובה,Local Call,4.0,,,,,7,Other / not identified,,
רון_דודאי,,רון דודאי,Local Call,4.0,,,,,7,Other / not identified,,
רז_קולי,,רז קולי,Local Call,4.0,,,,,7,Other / not identified,,
שולה_קשת,,שולה קשת,Local Call,4.0,,,,,7,Other / not identified,,
תאופיק_דעאדלה,,תאופיק דעאדלה,Local Call,4.0,,,,,7,Other / not identified,,
תמי_יקירה,,תמי יקירה,Local Call,4.0,,,,,7,Other / not identified,,
תני_גולדשטיין,,תני גולדשטיין,Local Call,4.0,,,,,7,Other / not identified,,
אברום_בורג,,אברום בורג,Local Call,3.0,,,,,7,Other / not identified,,
אודי_אלוני,,אודי אלוני,Local Call,3.0,,,,,7,Other / not identified,,
און_דהן,,און דהן,Local Call,3.0,,,,,7,Other / not identified,,
אוסאמה_טאנוס,,אוסאמה טאנוס,Local Call,3.0,,,,,7,Other / not identified,,
אוראל_תמרי,,אוראל תמרי,Local Call,3.0,,,,,7,Other / not identified,,
אורי_שוסטר,,אורי שוסטר,Local Call,3.0,,,,,7,Other / not identified,,
אורית_בשקין,,אורית בשקין,Local Call,3.0,,,,,7,Other / not identified,,
אחמד_אלנאעוק,,אחמד אלנאעוק,Local Call,3.0,,,,,7,Other / not identified,,
איה_זינאתי,,איה זינאתי,Local Call,3.0,,,,,7,Other / not identified,,
א_יו_ב_ט_ל_הו_ן_א_ב_ר_ה,,אִיוֹבּ טְלָהוּן אַבֶּרַה,Local Call,3.0,,,,,7,Other / not identified,,
איל_שגיב,,איל שגיב,Local Call,3.0,,,,,7,Other / not identified,,
איתי_פייטלסון,,איתי פייטלסון,Local Call,3.0,,,,,7,Other / not identified,,
אלה_קורילן,,אלה קורילן,Local Call,3.0,,,,,7,Other / not identified,,
אליאס_ח_ורי,,אליאס ח'ורי,Local Call,3.0,,,,,7,Other / not identified,,
אלכס_וסרמן,,אלכס וסרמן,Local Call,3.0,,,,,7,Other / not identified,,
אם_הילטון,,אם הילטון,Local Call,3.0,,,,,7,Other / not identified,,
אמטאנס_שחאדה,,אמטאנס שחאדה,Local Call,3.0,,,,,7,Other / not identified,,
אנג_לה_גרובר,,אנג'לה גרובר,Local Call,3.0,,,,,7,Other / not identified,,
אסף_אורון,,אסף אורון,Local Call,3.0,,,,,7,Other / not identified,,
אסף_רמון_קליין,,אסף רמון קליין,Local Call,3.0,,,,,7,Other / not identified,,
אפרת_כהן_בר,,אפרת כהן-בר,Local Call,3.0,,,,,7,Other / not identified,,
אראלה_שדמי,,אראלה שדמי,Local Call,3.0,,,,,7,Other / not identified,,
אריאל_שורץ,,אריאל שורץ,Local Call,3.0,,,,,7,Other / not identified,,
אריה_לופיאן,,אריה לופיאן,Local Call,3.0,,,,,7,Other / not identified,,
אריק_אשרמן,,אריק אשרמן,Local Call,3.0,,,,,7,Other / not identified,,
באסל_יאזורי,,באסל יאזורי,Local Call,3.0,,,,,7,Other / not identified,,
ג_וליאן_פדר,,ג'וליאן פדר,Local Call,3.0,,,,,7,Other / not identified,,
ג_ונתן_אדלר,,ג'ונתן אדלר,Local Call,3.0,,,,,7,Other / not identified,,
ג_מאל_זחאלקה,,ג'מאל זחאלקה,Local Call,3.0,,,,,7,Other / not identified,,
גיא_שלו,,גיא שלו,Local Call,3.0,,,,,7,Other / not identified,,
גיל_רוטשילד_אליאסי,,גיל רוטשילד אליאסי,Local Call,3.0,,,,,7,Other / not identified,,
דיוויד_הרסט,,דיוויד הרסט,Local Call,3.0,,,,,7,Other / not identified,,
דלאל_עריקאת,,דלאל עריקאת,Local Call,3.0,,,,,7,Other / not identified,,
דני_גוטוויין,,דני גוטוויין,Local Call,3.0,,,,,7,Other / not identified,,
דניאל_בר_טל,,דניאל בר-טל,Local Call,3.0,,,,,7,Other / not identified,,
דרור_מזרחי,,דרור מזרחי,Local Call,3.0,,,,,7,Other / not identified,,
הדס_פאר,,הדס פאר,Local Call,3.0,,,,,7,Other / not identified,,
הללי_פינסון,,הללי פינסון,Local Call,3.0,,,,,7,Other / not identified,,
הרב_דוד_מנחם,,הרב דוד מנחם,Local Call,3.0,,,,,7,Other / not identified,,
והאג_בני_מפלח,,והאג' בני מפלח,Local Call,3.0,,,,,7,Other / not identified,,
זיו_ג_ניסוב,,זיו ג'ניסוב,Local Call,3.0,,,,,7,Other / not identified,,
חיים_וייס,,חיים וייס,Local Call,3.0,,,,,7,Other / not identified,,
חלי_הירש,,חלי הירש,Local Call,3.0,,,,,7,Other / not identified,,
חמאדה_ג_אבר,,חמאדה ג'אבר,Local Call,3.0,,,,,7,Other / not identified,,
חן_ברם,,חן ברם,Local Call,3.0,,,,,7,Other / not identified,,
טלאל_אל_ג_עברי,,טלאל אל-ג׳עברי,Local Call,3.0,,,,,7,Other / not identified,,
יגאל_באום,,יגאל באום,Local Call,3.0,,,,,7,Other / not identified,,
יגאל_ברונר,,יגאל ברונר,Local Call,3.0,,,,,7,Other / not identified,,
ידידאל_בן_עשיאל,,ידידאל בן עשיאל,Local Call,3.0,,,,,7,Other / not identified,,
יהונתן_בצר,,יהונתן בצר,Local Call,3.0,,,,,7,Other / not identified,,
יואב_בורוביץ,,יואב בורוביץ',Local Call,3.0,,,,,7,Other / not identified,,
יונה_רוזמן,,יונה רוזמן,Local Call,3.0,,,,,7,Other / not identified,,
יונתן_אשבן_לדרמן,,יונתן אשבן-לדרמן,Local Call,3.0,,,,,7,Other / not identified,,
יונתן_גר,,יונתן גר,Local Call,3.0,,,,,7,Other / not identified,,
יוסי_ברטל,,יוסי ברטל,Local Call,3.0,,,,,7,Other / not identified,,
יניב_שגיא,,יניב שגיא,Local Call,3.0,,,,,7,Other / not identified,,
יסמין_אבו_פריחה,,יסמין אבו פריחה,Local Call,3.0,,,,,7,Other / not identified,,
יעל_אבן_אור,,יעל אבן אור,Local Call,3.0,,,,,7,Other / not identified,,
יעל_שטיין,,יעל שטיין,Local Call,3.0,,,,,7,Other / not identified,,
יערה_בנגר_אללוף,,יערה בנגר אללוף,Local Call,3.0,,,,,7,Other / not identified,,
יפתח_גולדמן,,יפתח גולדמן,Local Call,3.0,,,,,7,Other / not identified,,
יפתח_שילוני,,יפתח שילוני,Local Call,3.0,,,,,7,Other / not identified,,
ירון_בן_עזרי,,ירון בן עזרי,Local Call,3.0,,,,,7,Other / not identified,,
ירון_הופמן_דישון,,ירון הופמן-דישון,Local Call,3.0,,,,,7,Other / not identified,,
ישי_רוזן_צבי,,ישי רוזן-צבי,Local Call,3.0,,,,,7,Other / not identified,,
כיפאח_אבו_ח_דיר,,כיפאח אבו ח'דיר,Local Call,3.0,,,,,7,Other / not identified,,
לארי_דרפנר,,לארי דרפנר,Local Call,3.0,,,,,7,Other / not identified,,
ליהי_רוטשילד,,ליהי רוטשילד,Local Call,3.0,,,,,7,Other / not identified,,
מאג_ד_כיאלי,,מאג'ד כיאלי,Local Call,3.0,,,,,7,Other / not identified,,
מאור_הוימן,,מאור הוימן,Local Call,3.0,,,,,7,Other / not identified,,
מאיר_בר_מימון,,מאיר בר מימון,Local Call,3.0,,,,,7,Other / not identified,,
מוחמד_דראושה,,מוחמד דראושה,Local Call,3.0,,,,,7,Other / not identified,,
מוחמד_קדח,,מוחמד קדח,Local Call,3.0,,,,,7,Other / not identified,,
מוחמד_שחאדה,,מוחמד שחאדה,Local Call,3.0,,,,,7,Other / not identified,,
מונא_חדאד,,מונא חדאד,Local Call,3.0,,,,,7,Other / not identified,,
מורן_מקמל,,מורן מקמל,Local Call,3.0,,,,,7,Other / not identified,,
מיכל_רוזין,,מיכל רוזין,Local Call,3.0,,,,,7,Other / not identified,,
מירי_שפירו,,מירי שפירו,Local Call,3.0,,,,,7,Other / not identified,,
מנאל_שלבי,,מנאל שלבי,Local Call,3.0,,,,,7,Other / not identified,,
נדב_וימן,,נדב וימן,Local Call,3.0,,,,,7,Other / not identified,,
נועה_יחוט,,נועה יחוט,Local Call,3.0,,,,,7,Other / not identified,,
נועה_קאופמן,,נועה קאופמן,Local Call,3.0,,,,,7,Other / not identified,,
נטשה_רוט_רולנד,,נטשה רוט-רולנד,Local Call,3.0,,,,,7,Other / not identified,,
נעה_גלילי,,נעה גלילי,Local Call,3.0,,,,,7,Other / not identified,,
נעה_דגוני,,נעה דגוני,Local Call,3.0,,,,,7,Other / not identified,,
נעמה_לזימי,,נעמה לזימי,Local Call,3.0,,,,,7,Other / not identified,,
נעמה_קטיעי,,נעמה קטיעי,Local Call,3.0,,,,,7,Other / not identified,,
נתן_ת_ראל,,נתן ת'ראל,Local Call,3.0,,,,,7,Other / not identified,,
סיון_תהל,,סיון תהל,Local Call,3.0,,,,,7,Other / not identified,,
סיני_פתר,,סיני פתר,Local Call,3.0,,,,,7,Other / not identified,,
סמאח_ותד,,סמאח ותד,Local Call,3.0,,,,,7,Other / not identified,,
עאוני_פרחאת,,עאוני פרחאת,Local Call,3.0,,,,,7,Other / not identified,,
עאמר_דהאמשה,,עאמר דהאמשה,Local Call,3.0,,,,,7,Other / not identified,,
עדית_לב,,עדית לב,Local Call,3.0,,,,,7,Other / not identified,,
עינת_עובדיה,,עינת עובדיה,Local Call,3.0,,,,,7,Other / not identified,,
עלאא_סלאמה,,עלאא סלאמה,Local Call,3.0,,,,,7,Other / not identified,,
עמירם_גולדבלום,,עמירם גולדבלום,Local Call,3.0,,,,,7,Other / not identified,,
ענת_סרגוסטי,,ענת סרגוסטי,Local Call,3.0,,,,,7,Other / not identified,,
עפר_ניימן,,עפר ניימן,Local Call,3.0,,,,,7,Other / not identified,,
ערב48,,ערב48,Local Call,3.0,,,,,7,Other / not identified,,
פאדי_אל_נאג_י,,פאדי אל-נאג'י,Local Call,3.0,,,,,7,Other / not identified,,
רבאח_חלבי,,רבאח חלבי,Local Call,3.0,,,,,7,Other / not identified,,
רבקה_ויטנברג,,רבקה ויטנברג,Local Call,3.0,,,,,7,Other / not identified,,
רוויטל_מדר,,רוויטל מדר,Local Call,3.0,,,,,7,Other / not identified,,
רוסון_בשאראת,,רוסון בשאראת,Local Call,3.0,,,,,7,Other / not identified,,
רועי_אלוני,,רועי אלוני,Local Call,3.0,,,,,7,Other / not identified,,
רועי_קיבריק,,רועי קיבריק,Local Call,3.0,,,,,7,Other / not identified,,
רות_אהרוני,,רות אהרוני,Local Call,3.0,,,,,7,Other / not identified,,
ריאן_רודריק_ביילר,,ריאן רודריק ביילר,Local Call,3.0,,,,,7,Other / not identified,,
ריקי_כהן_בנלולו,,ריקי כהן בנלולו,Local Call,3.0,,,,,7,Other / not identified,,
שגיא_אגמון,,שגיא אגמון,Local Call,3.0,,,,,7,Other / not identified,,
שדה_יעיש,,שדה יעיש,Local Call,3.0,,,,,7,Other / not identified,,
שחף_ויסבין,,שחף ויסבין,Local Call,3.0,,,,,7,Other / not identified,,
שי_אילוק,,שי אילוק,Local Call,3.0,,,,,7,Other / not identified,,
שירה_הרצנו,,שירה הרצנו,Local Call,3.0,,,,,7,Other / not identified,,
שירה_וילקוף,,שירה וילקוף,Local Call,3.0,,,,,7,Other / not identified,,
שמוליק_לדרמן,,שמוליק לדרמן,Local Call,3.0,,,,,7,Other / not identified,,
ת_אבת_אבו_ראס,,ת'אבת אבו ראס,Local Call,3.0,,,,,7,Other / not identified,,
תולי_פלינט,,תולי פלינט,Local Call,3.0,,,,,7,Other / not identified,,
תמר_זנדברג,,תמר זנדברג,Local Call,3.0,,,,,7,Other / not identified,,
חדשות_מחולות,,חדשות מחולות,Local Call,2.0,,,,,7,Other / not identified,,
אבי_קליין,,אבי קליין,Local Call,2.0,,,,,7,Other / not identified,,
אביחי_סטולר,,אביחי סטולר,Local Call,2.0,,,,,7,Other / not identified,,
אבנר_דינור,,אבנר דינור,Local Call,2.0,,,,,7,Other / not identified,,
אדם_אלוני,,אדם אלוני,Local Call,2.0,,,,,7,Other / not identified,,
אדם_אמוראי,,אדם אמוראי,Local Call,2.0,,,,,7,Other / not identified,,
אהרון_פורת,,אהרון פורת,Local Call,2.0,,,,,7,Other / not identified,,
אופיר_כלפה,,אופיר כלפה,Local Call,2.0,,,,,7,Other / not identified,,
אור_בסוק,,אור בסוק,Local Call,2.0,,,,,7,Other / not identified,,
אורי_אנזנברג,,אורי אנזנברג,Local Call,2.0,,,,,7,Other / not identified,,
אורי_עגנון,,אורי עגנון,Local Call,2.0,,,,,7,Other / not identified,,
אוריאל_פרוקצ_יה,,אוריאל פרוקצ'יה,Local Call,2.0,,,,,7,Other / not identified,,
אושרת_אלמליח,,אושרת אלמליח,Local Call,2.0,,,,,7,Other / not identified,,
אחיה_שץ,,אחיה שץ,Local Call,2.0,,,,,7,Other / not identified,,
אחמד_מור,,אחמד מור,Local Call,2.0,,,,,7,Other / not identified,,
אייל_הראל,,אייל הראל,Local Call,2.0,,,,,7,Other / not identified,,
איילה_אוליר,,איילה אוליר,Local Call,2.0,,,,,7,Other / not identified,,
איל_ספיר,,איל ספיר,Local Call,2.0,,,,,7,Other / not identified,,
איל_פדר,,איל פדר,Local Call,2.0,,,,,7,Other / not identified,,
אילאיל_הדס,,אילאיל הדס,Local Call,2.0,,,,,7,Other / not identified,,
אילה_שלו,,אילה שלו,Local Call,2.0,,,,,7,Other / not identified,,
אילת_זהר,,אילת זהר,Local Call,2.0,,,,,7,Other / not identified,,
אילת_מעוז,,אילת מעוז,Local Call,2.0,,,,,7,Other / not identified,,
איתי_אקנין,,איתי אקנין,Local Call,2.0,,,,,7,Other / not identified,,
איתי_סבירסקי,,איתי סבירסקי,Local Call,2.0,,,,,7,Other / not identified,,
איתמר_גרינברג,,איתמר גרינברג,Local Call,2.0,,,,,7,Other / not identified,,
איתמר_מן,,איתמר מן,Local Call,2.0,,,,,7,Other / not identified,,
אכרם_נתשה,,אכרם נתשה,Local Call,2.0,,,,,7,Other / not identified,,
אלבה_נבולסי,,אלבה נבולסי,Local Call,2.0,,,,,7,Other / not identified,,
אלדד_ברין,,אלדד ברין,Local Call,2.0,,,,,7,Other / not identified,,
אלדד_לוי,,אלדד לוי,Local Call,2.0,,,,,7,Other / not identified,,
אלה_אלון,,אלה אלון,Local Call,2.0,,,,,7,Other / not identified,,
אלון_לוי,,אלון לוי,Local Call,2.0,,,,,7,Other / not identified,,
אלחי_סלומון,,אלחי סלומון,Local Call,2.0,,,,,7,Other / not identified,,
אלכסנדר_נבוקוב,,אלכסנדר נבוקוב,Local Call,2.0,,,,,7,Other / not identified,,
אלעד_בן_דוד,,אלעד בן דוד,Local Call,2.0,,,,,7,Other / not identified,,
אלעד_לפידות,,אלעד לפידות,Local Call,2.0,,,,,7,Other / not identified,,
אלעד_קפלן,,אלעד קפלן,Local Call,2.0,,,,,7,Other / not identified,,
אמילי_שפר_עומר_מן,,אמילי שפר עומר-מן,Local Call,2.0,,,,,7,Other / not identified,,
אמנון_ברונפלד_שטיין,,אמנון ברונפלד שטיין,Local Call,2.0,,,,,7,Other / not identified,,
אמנון_לוטן,,אמנון לוטן,Local Call,2.0,,,,,7,Other / not identified,,
אן_אירפן,,אן אירפן,Local Call,2.0,,,,,7,Other / not identified,,
אן_פאק,,אן פאק,Local Call,2.0,,,,,7,Other / not identified,,
אן_פק,,אן פק,Local Call,2.0,,,,,7,Other / not identified,,
אנאס_פארס_גנאם,,אנאס פארס גנאם,Local Call,2.0,,,,,7,Other / not identified,,
אנואר_סולימאן,,אנואר סולימאן,Local Call,2.0,,,,,7,Other / not identified,,
אסף_מרציאנו,,אסף מרציאנו,Local Call,2.0,,,,,7,Other / not identified,,
אסף_רוט,,אסף רוט,Local Call,2.0,,,,,7,Other / not identified,,
אסתר_קורני,,אסתר קורני,Local Call,2.0,,,,,7,Other / not identified,,
ארז_צפדיה,,ארז צפדיה,Local Call,2.0,,,,,7,Other / not identified,,
אריאל_ברנשטיין,,אריאל ברנשטיין,Local Call,2.0,,,,,7,Other / not identified,,
ארנון_פלג,,ארנון פלג,Local Call,2.0,,,,,7,Other / not identified,,
בדיע_דוויק,,בדיע דוויק,Local Call,2.0,,,,,7,Other / not identified,,
ברני_סנדרס,,ברני סנדרס,Local Call,2.0,,,,,7,Other / not identified,,
ברק_כהן,,ברק כהן,Local Call,2.0,,,,,7,Other / not identified,,
ברק_מאייר,,ברק מאייר,Local Call,2.0,,,,,7,Other / not identified,,
בשיר_מנסור,,בשיר מנסור,Local Call,2.0,,,,,7,Other / not identified,,
בת_עמי_ארצי,,בת-עמי ארצי,Local Call,2.0,,,,,7,Other / not identified,,
ג_ייסון_היקל,,ג'ייסון היקל,Local Call,2.0,,,,,7,Other / not identified,,
ג_ניפר_פוליאקוב,,ג׳ניפר פוליאקוב,Local Call,2.0,,,,,7,Other / not identified,,
ג_עפר_פרח,,ג'עפר פרח,Local Call,2.0,,,,,7,Other / not identified,,
ג_רארד_הורטון,,ג'רארד הורטון,Local Call,2.0,,,,,7,Other / not identified,,
גבי_לסקי,,גבי לסקי,Local Call,2.0,,,,,7,Other / not identified,,
גיא_דוידי,,גיא דוידי,Local Call,2.0,,,,,7,Other / not identified,,
גיא_מאירס,,גיא מאירס,Local Call,2.0,,,,,7,Other / not identified,,
גלעד_גרוסמן,,גלעד גרוסמן,Local Call,2.0,,,,,7,Other / not identified,,
דארין_טאטור,,דארין טאטור,Local Call,2.0,,,,,7,Other / not identified,,
דבורה_כהן,,דבורה כהן,Local Call,2.0,,,,,7,Other / not identified,,
דבורה_לטר,,דבורה לטר,Local Call,2.0,,,,,7,Other / not identified,,
דגן_ואלד,,דגן ואלד,Local Call,2.0,,,,,7,Other / not identified,,
דדי_שי,,דדי שי,Local Call,2.0,,,,,7,Other / not identified,,
דוד_קרצמר,,דוד קרצמר,Local Call,2.0,,,,,7,Other / not identified,,
דיוויד_שין,,דיוויד שין,Local Call,2.0,,,,,7,Other / not identified,,
דימה_אבו_מריה,,דימה אבו מריה,Local Call,2.0,,,,,7,Other / not identified,,
דנה_אל_כורד,,דנה אל כורד,Local Call,2.0,,,,,7,Other / not identified,,
דנה_אלכסנדר,,דנה אלכסנדר,Local Call,2.0,,,,,7,Other / not identified,,
דניאל_בן_סימון,,דניאל בן סימון,Local Call,2.0,,,,,7,Other / not identified,,
דרור_שדות,,דרור שדות,Local Call,2.0,,,,,7,Other / not identified,,
האני_חביב,,האני חביב,Local Call,2.0,,,,,7,Other / not identified,,
הגר_להב,,הגר להב,Local Call,2.0,,,,,7,Other / not identified,,
הדס_תגרי,,הדס תגרי,Local Call,2.0,,,,,7,Other / not identified,,
הודא_אבו_עובייד,,הודא אבו עובייד,Local Call,2.0,,,,,7,Other / not identified,,
הודא_אבו_עבייד,,הודא אבו-עבייד,Local Call,2.0,,,,,7,Other / not identified,,
הילה_דיין,,הילה דיין,Local Call,2.0,,,,,7,Other / not identified,,
הלא_אחמד,,הלא אחמד,Local Call,2.0,,,,,7,Other / not identified,,
הרב_מנחם_נאבת,,הרב מנחם נאבת,Local Call,2.0,,,,,7,Other / not identified,,
ואליד_אבו_זיאד,,ואליד אבו-זיאד,Local Call,2.0,,,,,7,Other / not identified,,
וויל_אלדן,,וויל אלדן,Local Call,2.0,,,,,7,Other / not identified,,
ז_נאן_בסול,,ז'נאן בסול,Local Call,2.0,,,,,7,Other / not identified,,
זאב_דגני,,זאב דגני,Local Call,2.0,,,,,7,Other / not identified,,
זהבה_גלאון,,זהבה גלאון,Local Call,2.0,,,,,7,Other / not identified,,
זוהר_אלון,,זוהר אלון,Local Call,2.0,,,,,7,Other / not identified,,
זויה_פושניקוב,,זויה פושניקוב,Local Call,2.0,,,,,7,Other / not identified,,
ח_אלד_קוזמר,,ח'אלד קוזמר,Local Call,2.0,,,,,7,Other / not identified,,
חגית_עופרן,,חגית עופרן,Local Call,2.0,,,,,7,Other / not identified,,
חמוטל_סונג,,חמוטל סונג,Local Call,2.0,,,,,7,Other / not identified,,
חן_עוזרי,,חן עוזרי,Local Call,2.0,,,,,7,Other / not identified,,
חנה_בית_הלחמי,,חנה בית הלחמי,Local Call,2.0,,,,,7,Other / not identified,,
חניאל_אלמקייס,,חניאל אלמקייס,Local Call,2.0,,,,,7,Other / not identified,,
חסן_שאקור,,חסן שאקור,Local Call,2.0,,,,,7,Other / not identified,,
טארק_אל_סלאמה,,טארק אל-סלאמה,Local Call,2.0,,,,,7,Other / not identified,,
טל_חבר_חיבובסקי,,טל חבר־חיבובסקי,Local Call,2.0,,,,,7,Other / not identified,,
טל_שטיינר,,טל שטיינר,Local Call,2.0,,,,,7,Other / not identified,,
טלי_ברומברג,,טלי ברומברג,Local Call,2.0,,,,,7,Other / not identified,,
יאיר_יאס_ן,,יאיר יאסׇן,Local Call,2.0,,,,,7,Other / not identified,,
יאיר_רון,,יאיר רון,Local Call,2.0,,,,,7,Other / not identified,,
יארה_שאהין_גראבלה,,יארה שאהין גראבלה,Local Call,2.0,,,,,7,Other / not identified,,
יגיל_לוי,,יגיל לוי,Local Call,2.0,,,,,7,Other / not identified,,
יהודה_שרים,,יהודה שרים,Local Call,2.0,,,,,7,Other / not identified,,
יהונתן_ודעי,,יהונתן ודעי,Local Call,2.0,,,,,7,Other / not identified,,
יהונתן_ניצן,,יהונתן ניצן,Local Call,2.0,,,,,7,Other / not identified,,
יובל_דרייר_שילה,,יובל דרייר שילה,Local Call,2.0,,,,,7,Other / not identified,,
יובל_הלפרין,,יובל הלפרין,Local Call,2.0,,,,,7,Other / not identified,,
יובל_לבנת,,יובל לבנת,Local Call,2.0,,,,,7,Other / not identified,,
יונתן_פינקו,,יונתן פינקו,Local Call,2.0,,,,,7,Other / not identified,,
יונתן_קנוניץ,,יונתן קנוניץ',Local Call,2.0,,,,,7,Other / not identified,,
יוסי_ברנע,,יוסי ברנע,Local Call,2.0,,,,,7,Other / not identified,,
יוסי_סוכרי,,יוסי סוכרי,Local Call,2.0,,,,,7,Other / not identified,,
יוסף_ג_בארין,,יוסף ג'בארין,Local Call,2.0,,,,,7,Other / not identified,,
יוסף_לאור,,יוסף לאור,Local Call,2.0,,,,,7,Other / not identified,,
יורם_בילו,,יורם בילו,Local Call,2.0,,,,,7,Other / not identified,,
יורם_שורק,,יורם שורק,Local Call,2.0,,,,,7,Other / not identified,,
יזהר_באר,,יזהר באר,Local Call,2.0,,,,,7,Other / not identified,,
יעל_איילון,,יעל איילון,Local Call,2.0,,,,,7,Other / not identified,,
יעל_ערבה,,יעל ערבה,Local Call,2.0,,,,,7,Other / not identified,,
יעל_עשור,,יעל עשור,Local Call,2.0,,,,,7,Other / not identified,,
יעל_פדרמן,,יעל פדרמן,Local Call,2.0,,,,,7,Other / not identified,,
יעל_פילובסקי_בנקירר,,יעל פילובסקי בנקירר,Local Call,2.0,,,,,7,Other / not identified,,
יעקב_טייכמאן,,יעקב טייכמאן,Local Call,2.0,,,,,7,Other / not identified,,
כוכבי_שמש,,כוכבי שמש,Local Call,2.0,,,,,7,Other / not identified,,
כפיר_כהן_לוסטיג,,כפיר כהן לוסטיג,Local Call,2.0,,,,,7,Other / not identified,,
כראמה_פאדל,,כראמה פאדל,Local Call,2.0,,,,,7,Other / not identified,,
לאה_פרושון,,לאה פרושון,Local Call,2.0,,,,,7,Other / not identified,,
לבי_לנקינסקי,,לבי לנקינסקי,Local Call,2.0,,,,,7,Other / not identified,,
ליאור_עמיחי,,ליאור עמיחי,Local Call,2.0,,,,,7,Other / not identified,,
ליאור_קיי_אבישי,,ליאור קיי אבישי,Local Call,2.0,,,,,7,Other / not identified,,
ליהי_יונה,,ליהי יונה,Local Call,2.0,,,,,7,Other / not identified,,
לילי_גרינברג_קול,,לילי גרינברג קול,Local Call,2.0,,,,,7,Other / not identified,,
מאיה_גוארניירי_ג_ראדאת,,מאיה גוארניירי-ג'ראדאת,Local Call,2.0,,,,,7,Other / not identified,,
מאשה_אברבוך,,מאשה אברבוך,Local Call,2.0,,,,,7,Other / not identified,,
מהא_חוסייני,,מהא חוסייני,Local Call,2.0,,,,,7,Other / not identified,,
מהא_נקיב,,מהא נקיב,Local Call,2.0,,,,,7,Other / not identified,,
מוחמד_אלחמאמי,,מוחמד אלחמאמי,Local Call,2.0,,,,,7,Other / not identified,,
מוחמד_מוסא,,מוחמד מוסא,Local Call,2.0,,,,,7,Other / not identified,,
מוחמד_ערפאת,,מוחמד ערפאת,Local Call,2.0,,,,,7,Other / not identified,,
מוחמד_ר_מהוואש,,מוחמד ר. מהוואש,Local Call,2.0,,,,,7,Other / not identified,,
מועתאז_סמארה,,מועתאז סמארה,Local Call,2.0,,,,,7,Other / not identified,,
מור_אפרת,,מור אפרת,Local Call,2.0,,,,,7,Other / not identified,,
מחמוד_איסמעיל,,מחמוד איסמעיל,Local Call,2.0,,,,,7,Other / not identified,,
מחמוד_דרוויש,,מחמוד דרוויש,Local Call,2.0,,,,,7,Other / not identified,,
מיה_סביר,,מיה סביר,Local Call,2.0,,,,,7,Other / not identified,,
מיכל_הרמתי,,מיכל הרמתי,Local Call,2.0,,,,,7,Other / not identified,,
מיכל_לופט,,מיכל לופט,Local Call,2.0,,,,,7,Other / not identified,,
מירה_אל_חוסיין,,מירה אל-חוסיין,Local Call,2.0,,,,,7,Other / not identified,,
מני_אביב,,מני אביב,Local Call,2.0,,,,,7,Other / not identified,,
מעיין_פדן,,מעיין פדן,Local Call,2.0,,,,,7,Other / not identified,,
מעין_נייזנה,,מעין נייזנה,Local Call,2.0,,,,,7,Other / not identified,,
מקסים_ב_נ_א_ט_וויל,,מקסים בֶנְאַטְוויל,Local Call,2.0,,,,,7,Other / not identified,,
מרואן_דוירי,,מרואן דוירי,Local Call,2.0,,,,,7,Other / not identified,,
מרים_ברגותי,,מרים ברגותי,Local Call,2.0,,,,,7,Other / not identified,,
מרים_פרח,,מרים פרח,Local Call,2.0,,,,,7,Other / not identified,,
נביל_עמרו,,נביל עמרו,Local Call,2.0,,,,,7,Other / not identified,,
נגה_לוי_רפופורט,,נגה לוי-רפופורט,Local Call,2.0,,,,,7,Other / not identified,,
נדב_פרץ_וייסוידובסקי,,נדב פרץ וייסוידובסקי,Local Call,2.0,,,,,7,Other / not identified,,
נוגה_אריאל_גלור,,נוגה אריאל-גלור,Local Call,2.0,,,,,7,Other / not identified,,
נוהאד_עלי,,נוהאד עלי,Local Call,2.0,,,,,7,Other / not identified,,
נועם_יונאי,,נועם יונאי,Local Call,2.0,,,,,7,Other / not identified,,
נועם_תירוש,,נועם תירוש,Local Call,2.0,,,,,7,Other / not identified,,
נורה_אשקר,,נורה אשקר,Local Call,2.0,,,,,7,Other / not identified,,
נטע_תלמוד,,נטע תלמוד,Local Call,2.0,,,,,7,Other / not identified,,
ניב_סבריאגו,,ניב סבריאגו,Local Call,2.0,,,,,7,Other / not identified,,
נידאל_עואודה,,נידאל עואודה,Local Call,2.0,,,,,7,Other / not identified,,
ניסי_פלאי,,ניסי פלאי,Local Call,2.0,,,,,7,Other / not identified,,
ניצן_תנעמי,,ניצן תנעמי,Local Call,2.0,,,,,7,Other / not identified,,
נירית_בן_חורין,,נירית בן חורין,Local Call,2.0,,,,,7,Other / not identified,,
נירית_חביב,,נירית חביב,Local Call,2.0,,,,,7,Other / not identified,,
נעם_הופשטטר,,נעם הופשטטר,Local Call,2.0,,,,,7,Other / not identified,,
סאם_סטיין,,סאם סטיין,Local Call,2.0,,,,,7,Other / not identified,,
סוהאד_בשארה,,סוהאד בשארה,Local Call,2.0,,,,,7,Other / not identified,,
סוהיל_כיוואן,,סוהיל כיוואן,Local Call,2.0,,,,,7,Other / not identified,,
סולאפה_זידאני,,סולאפה זידאני,Local Call,2.0,,,,,7,Other / not identified,,
סונדוס_סאלח,,סונדוס סאלח,Local Call,2.0,,,,,7,Other / not identified,,
סטלה_אבידן,,סטלה אבידן,Local Call,2.0,,,,,7,Other / not identified,,
סיגל_אביבי,,סיגל אביבי,Local Call,2.0,,,,,7,Other / not identified,,
סיגל_הרוש_יהונתן,,סיגל הרוש יהונתן,Local Call,2.0,,,,,7,Other / not identified,,
סיגל_קוק_אביבי,,סיגל קוק אביבי,Local Call,2.0,,,,,7,Other / not identified,,
סלאח_מוחסן,,סלאח מוחסן,Local Call,2.0,,,,,7,Other / not identified,,
סמי_אבו_שחאדה,,סמי אבו שחאדה,Local Call,2.0,,,,,7,Other / not identified,,
סנאא_חמוד,,סנאא חמוד,Local Call,2.0,,,,,7,Other / not identified,,
סראב_אבורביעה,,סראב אבורביעה,Local Call,2.0,,,,,7,Other / not identified,,
ע_סאן_שרבל,,ע'סאן שרבל,Local Call,2.0,,,,,7,Other / not identified,,
עאידה_תומא_סלימאן,,עאידה תומא סלימאן,Local Call,2.0,,,,,7,Other / not identified,,
עדי_וינטר,,עדי וינטר,Local Call,2.0,,,,,7,Other / not identified,,
עדי_וינטר_ויערה_פרץ,,עדי וינטר ויערה פרץ,Local Call,2.0,,,,,7,Other / not identified,,
עודד_נעמן,,עודד נעמן,Local Call,2.0,,,,,7,Other / not identified,,
עומר_שריר,,עומר שריר,Local Call,2.0,,,,,7,Other / not identified,,
עטיה_אלאעסם_מרואן_אבו_פריח,,עטיה אלאעסם מרואן אבו-פריח,Local Call,2.0,,,,,7,Other / not identified,,
עידו_אבן_פז,,עידו אבן-פז,Local Call,2.0,,,,,7,Other / not identified,,
עידן_רינג,,עידן רינג,Local Call,2.0,,,,,7,Other / not identified,,
עימאד_אבו_הוואש,,עימאד אבו הוואש,Local Call,2.0,,,,,7,Other / not identified,,
עירית_קינן,,עירית קינן,Local Call,2.0,,,,,7,Other / not identified,,
עלי_עוואד,,עלי עוואד,Local Call,2.0,,,,,7,Other / not identified,,
עמר_ברטוב,,עמר ברטוב,Local Call,2.0,,,,,7,Other / not identified,,
עמרי_די_נור,,עמרי די-נור,Local Call,2.0,,,,,7,Other / not identified,,
עמרי_נג_אד,,עמרי נג'אד,Local Call,2.0,,,,,7,Other / not identified,,
ענבל_בן_יהודה,,ענבל בן-יהודה,Local Call,2.0,,,,,7,Other / not identified,,
פאדי_מסמרה,,פאדי מסמרה,Local Call,2.0,,,,,7,Other / not identified,,
פאדי_שביטה,,פאדי שביטה,Local Call,2.0,,,,,7,Other / not identified,,
פאולה_קארידי,,פאולה קארידי,Local Call,2.0,,,,,7,Other / not identified,,
פאם_ביילי,,פאם ביילי,Local Call,2.0,,,,,7,Other / not identified,,
פארס_לאלאוי,,פארס לאלאוי,Local Call,2.0,,,,,7,Other / not identified,,
פיאם_פילי,,פיאם פילי,Local Call,2.0,,,,,7,Other / not identified,,
פסיכותרפיסט_בעילום_שם,,פסיכותרפיסט בעילום שם,Local Call,2.0,,,,,7,Other / not identified,,
פרימו_לוי,,פרימו לוי,Local Call,2.0,,,,,7,Other / not identified,,
צליל_רגב,,צליל רגב,Local Call,2.0,,,,,7,Other / not identified,,
קטיה_קופצ_יק,,קטיה קופצ'יק,Local Call,2.0,,,,,7,Other / not identified,,
קייס_נאסר,,קייס נאסר,Local Call,2.0,,,,,7,Other / not identified,,
קמר_טאהא,,קמר טאהא,Local Call,2.0,,,,,7,Other / not identified,,
ראמי_מנסור,,ראמי מנסור,Local Call,2.0,,,,,7,Other / not identified,,
ראנה_סלמאן,,ראנה סלמאן,Local Call,2.0,,,,,7,Other / not identified,,
רביע_אגבריה,,רביע אגבריה,Local Call,2.0,,,,,7,Other / not identified,,
רג_אא_נאטור,,רג'אא נאטור,Local Call,2.0,,,,,7,Other / not identified,,
רגד_ג_ראיסי,,רגד ג'ראיסי,Local Call,2.0,,,,,7,Other / not identified,,
רוברט_סוויפט,,רוברט סוויפט,Local Call,2.0,,,,,7,Other / not identified,,
רון_כחלילי,,רון כחלילי,Local Call,2.0,,,,,7,Other / not identified,,
רון_קסלר,,רון קסלר,Local Call,2.0,,,,,7,Other / not identified,,
רוני_פלי,,רוני פלי,Local Call,2.0,,,,,7,Other / not identified,,
רוני_צורף,,רוני צורף,Local Call,2.0,,,,,7,Other / not identified,,
רונית_פיסו,,רונית פיסו,Local Call,2.0,,,,,7,Other / not identified,,
רונן_זיידל,,רונן זיידל,Local Call,2.0,,,,,7,Other / not identified,,
רועי_ברק,,רועי ברק,Local Call,2.0,,,,,7,Other / not identified,,
רועי_וגנר,,רועי וגנר,Local Call,2.0,,,,,7,Other / not identified,,
רועי_מרום,,רועי מרום,Local Call,2.0,,,,,7,Other / not identified,,
רותם_אלישע,,רותם אלישע,Local Call,2.0,,,,,7,Other / not identified,,
רים_עאמר,,רים עאמר,Local Call,2.0,,,,,7,Other / not identified,,
רמי_קפלן,,רמי קפלן,Local Call,2.0,,,,,7,Other / not identified,,
רן_מלמד,,רן מלמד,Local Call,2.0,,,,,7,Other / not identified,,
רן_שמעוני,,רן שמעוני,Local Call,2.0,,,,,7,Other / not identified,,
רעות_שאער,,רעות שאער,Local Call,2.0,,,,,7,Other / not identified,,
שבי_גטניו,,שבי גטניו,Local Call,2.0,,,,,7,Other / not identified,,
שבתי_בנדט,,שבתי בנדט,Local Call,2.0,,,,,7,Other / not identified,,
שחף_פולקוב,,שחף פולקוב,Local Call,2.0,,,,,7,Other / not identified,,
שחר_פיינברג,,שחר פיינברג,Local Call,2.0,,,,,7,Other / not identified,,
שי_גרינברג,,שי גרינברג,Local Call,2.0,,,,,7,Other / not identified,,
שי_פרנס,,שי פרנס,Local Call,2.0,,,,,7,Other / not identified,,
שיא_ברבי,,שיא ברבי,Local Call,2.0,,,,,7,Other / not identified,,
שיקו_בהר,,שיקו בהר,Local Call,2.0,,,,,7,Other / not identified,,
שירז_גרינבאום,,שירז גרינבאום,Local Call,2.0,,,,,7,Other / not identified,,
שירי_דוידוביץ,,שירי דוידוביץ',Local Call,2.0,,,,,7,Other / not identified,,
שלומי_זכריה,,שלומי זכריה,Local Call,2.0,,,,,7,Other / not identified,,
שמשון_ביכלר,,שמשון ביכלר,Local Call,2.0,,,,,7,Other / not identified,,
שני_כהן,,שני כהן,Local Call,2.0,,,,,7,Other / not identified,,
שעיה_רוטברג,,שעיה רוטברג,Local Call,2.0,,,,,7,Other / not identified,,
שרון_לוזון,,שרון לוזון,Local Call,2.0,,,,,7,Other / not identified,,
שרון_מייבסקי,,שרון מייבסקי,Local Call,2.0,,,,,7,Other / not identified,,
שרון_קנטור,,שרון קנטור,Local Call,2.0,,,,,7,Other / not identified,,
תמיר_בלנק,,תמיר בלנק,Local Call,2.0,,,,,7,Other / not identified,,
א_ק,,א.ק.,Local Call,1.0,,,,,7,Other / not identified,,
א_ג,,א' ג',Local Call,1.0,,,,,7,Other / not identified,,
אבי_בן_חור,,אבי בן חור,Local Call,1.0,,,,,7,Other / not identified,,
אבי_ברג,,אבי ברג,Local Call,1.0,,,,,7,Other / not identified,,
אבי_דבאח,,אבי דבאח,Local Call,1.0,,,,,7,Other / not identified,,
אבי_רובין,,אבי רובין,Local Call,1.0,,,,,7,Other / not identified,,
אביגיל_יעקובסון,,אביגיל יעקובסון,Local Call,1.0,,,,,7,Other / not identified,,
אביטל_בורג,,אביטל בורג,Local Call,1.0,,,,,7,Other / not identified,,
אבירמה_גולן,,אבירמה גולן,Local Call,1.0,,,,,7,Other / not identified,,
אבישי_בן_ששון_גורדיס,,אבישי בן ששון-גורדיס,Local Call,1.0,,,,,7,Other / not identified,,
אביתר_שמיר,,אביתר שמיר,Local Call,1.0,,,,,7,Other / not identified,,
אבנר_בן_זקן,,אבנר בן זקן,Local Call,1.0,,,,,7,Other / not identified,,
אבנר_דה_שליט,,אבנר דה שליט,Local Call,1.0,,,,,7,Other / not identified,,
אבנר_כוכבי,,אבנר כוכבי,Local Call,1.0,,,,,7,Other / not identified,,
אבראהים_עבד_אלהאדי,,אבראהים עבד אלהאדי,Local Call,1.0,,,,,7,Other / not identified,,
אברהים_חסנאת,,אברהים חסנאת,Local Call,1.0,,,,,7,Other / not identified,,
אברהם_גוטמן,,אברהם גוטמן,Local Call,1.0,,,,,7,Other / not identified,,
אברהם_פרנק,,אברהם פרנק,Local Call,1.0,,,,,7,Other / not identified,,
אדיר_שור,,אדיר שור,Local Call,1.0,,,,,7,Other / not identified,,
אדם_דורמולין,,אדם דורמולין,Local Call,1.0,,,,,7,Other / not identified,,
אדם_קלר,,אדם קלר,Local Call,1.0,,,,,7,Other / not identified,,
אדם_רביע,,אדם רביע,Local Call,1.0,,,,,7,Other / not identified,,
אדם_שנער,,אדם שנער,Local Call,1.0,,,,,7,Other / not identified,,
אהוד_ערן,,אהוד ערן,Local Call,1.0,,,,,7,Other / not identified,,
אהרן_רוז,,אהרן רוז,Local Call,1.0,,,,,7,Other / not identified,,
אודליה_מטר,,אודליה מטר,Local Call,1.0,,,,,7,Other / not identified,,
אווה_פילץ,,אווה פילץ,Local Call,1.0,,,,,7,Other / not identified,,
אוון_ג_ונס,,אוון ג'ונס,Local Call,1.0,,,,,7,Other / not identified,,
אולה_אל_אסי,,אולה אל-אסי,Local Call,1.0,,,,,7,Other / not identified,,
אוסאמה_עאמר,,אוסאמה עאמר,Local Call,1.0,,,,,7,Other / not identified,,
אור,,אור,Local Call,1.0,,,,,7,Other / not identified,,
אור_דר,,אור דר,Local Call,1.0,,,,,7,Other / not identified,,
אור_לילו,,אור לילו,Local Call,1.0,,,,,7,Other / not identified,,
אור_סגל,,אור סגל,Local Call,1.0,,,,,7,Other / not identified,,
אור_שי,,אור שי,Local Call,1.0,,,,,7,Other / not identified,,
אורג_וואן_שוראב,,אורג'וואן שוראב,Local Call,1.0,,,,,7,Other / not identified,,
אורי_אדלמן,,אורי אדלמן,Local Call,1.0,,,,,7,Other / not identified,,
אורי_בלאו,,אורי בלאו,Local Call,1.0,,,,,7,Other / not identified,,
אורי_בן_דור,,אורי בן דור,Local Call,1.0,,,,,7,Other / not identified,,
אורי_גבעתי,,אורי גבעתי,Local Call,1.0,,,,,7,Other / not identified,,
אורי_הדר,,אורי הדר,Local Call,1.0,,,,,7,Other / not identified,,
אורי_זכי,,אורי זכי,Local Call,1.0,,,,,7,Other / not identified,,
אורי_שביט,,אורי שביט,Local Call,1.0,,,,,7,Other / not identified,,
אורי_שמילוביץ,,אורי שמילוביץ,Local Call,1.0,,,,,7,Other / not identified,,
אוריאלה_ענבר,,אוריאלה ענבר,Local Call,1.0,,,,,7,Other / not identified,,
אורית_קמיר,,אורית קמיר,Local Call,1.0,,,,,7,Other / not identified,,
אורלי_אלמי,,אורלי אלמי,Local Call,1.0,,,,,7,Other / not identified,,
אורלי_פרידמן,,אורלי פרידמן,Local Call,1.0,,,,,7,Other / not identified,,
אורן_אביטוב,,אורן אביטוב,Local Call,1.0,,,,,7,Other / not identified,,
אורן_בן_יוסף,,אורן בן יוסף,Local Call,1.0,,,,,7,Other / not identified,,
אורן_מטר,,אורן מטר,Local Call,1.0,,,,,7,Other / not identified,,
אורן_פרי_הר,,אורן פרי-הר,Local Call,1.0,,,,,7,Other / not identified,,
אורן_קרול_זלדין,,אורן קרול-זלדין,Local Call,1.0,,,,,7,Other / not identified,,
אורנה_עקאד,,אורנה עקאד,Local Call,1.0,,,,,7,Other / not identified,,
אחמד_אל_באז_אקטיבסטילס,,אחמד אל-באז/אקטיבסטילס,Local Call,1.0,,,,,7,Other / not identified,,
אחמד_אל_סמאכ,,אחמד אל-סמאכּ,Local Call,1.0,,,,,7,Other / not identified,,
אחמד_ג_ונדייה,,אחמד ג'ונדייה,Local Call,1.0,,,,,7,Other / not identified,,
אחמד_מטלק_חגאזי,,אחמד מטלק חגאזי,Local Call,1.0,,,,,7,Other / not identified,,
אחמד_ראפת,,אחמד ראפת,Local Call,1.0,,,,,7,Other / not identified,,
אחסאן_קדמאני,,אחסאן קדמאני,Local Call,1.0,,,,,7,Other / not identified,,
איב_טנדלר,,איב טנדלר,Local Call,1.0,,,,,7,Other / not identified,,
איה_ח_ייריה,,איה ח'ייריה,Local Call,1.0,,,,,7,Other / not identified,,
איה_אופק_גרה,,איה-אופק גרה,Local Call,1.0,,,,,7,Other / not identified,,
אייל_לוריא_פרדס,,אייל לוריא פרדס,Local Call,1.0,,,,,7,Other / not identified,,
אייל_פדר_לוי,,אייל פדר-לוי,Local Call,1.0,,,,,7,Other / not identified,,
אייל_קוטנר,,אייל קוטנר,Local Call,1.0,,,,,7,Other / not identified,,
אייל_קליין,,אייל קליין,Local Call,1.0,,,,,7,Other / not identified,,
אייל_רוזמרין,,אייל רוזמרין,Local Call,1.0,,,,,7,Other / not identified,,
איילת_קובו,,איילת קובו,Local Call,1.0,,,,,7,Other / not identified,,
איימן_סיכסק,,איימן סיכסק,Local Call,1.0,,,,,7,Other / not identified,,
איירין_נאסר,,איירין נאסר,Local Call,1.0,,,,,7,Other / not identified,,
איל_וינברג,,איל וינברג,Local Call,1.0,,,,,7,Other / not identified,,
איל_שגיא_ביזאוי,,איל שגיא ביזאוי,Local Call,1.0,,,,,7,Other / not identified,,
אילאיל_קופלר,,אילאיל קופלר,Local Call,1.0,,,,,7,Other / not identified,,
אילן_טבק_אבירם,,אילן טבק אבירם,Local Call,1.0,,,,,7,Other / not identified,,
אילן_פרנקל,,אילן פרנקל,Local Call,1.0,,,,,7,Other / not identified,,
אילן_שאול,,אילן שאול,Local Call,1.0,,,,,7,Other / not identified,,
אילת_גריל_שרת,,אילת גריל-שרת,Local Call,1.0,,,,,7,Other / not identified,,
אינאס_פארס_גאנם,,אינאס פארס גאנם,Local Call,1.0,,,,,7,Other / not identified,,
אינה_חזנוב,,אינה חזנוב,Local Call,1.0,,,,,7,Other / not identified,,
איסרא_ת_יאב,,איסרא ת'יאב,Local Call,1.0,,,,,7,Other / not identified,,
איריס_בוקר,,איריס בוקר,Local Call,1.0,,,,,7,Other / not identified,,
אירית_סגולי,,אירית סגולי,Local Call,1.0,,,,,7,Other / not identified,,
אישתון,,אישתון,Local Call,1.0,,,,,7,Other / not identified,,
איתי_בר,,איתי בר,Local Call,1.0,,,,,7,Other / not identified,,
איתי_קנדר,,איתי קנדר,Local Call,1.0,,,,,7,Other / not identified,,
איתמר_אבנרי,,איתמר אבנרי,Local Call,1.0,,,,,7,Other / not identified,,
איתמר_ארב,,איתמר ארב,Local Call,1.0,,,,,7,Other / not identified,,
איתמר_מרגלית,,איתמר מרגלית,Local Call,1.0,,,,,7,Other / not identified,,
איתמר_פיגנבאום,,איתמר פיגנבאום,Local Call,1.0,,,,,7,Other / not identified,,
איתן_ברונשטיין,,איתן ברונשטיין,Local Call,1.0,,,,,7,Other / not identified,,
איתן_נצ_ין,,איתן נצ'ין,Local Call,1.0,,,,,7,Other / not identified,,
אכרם_עטאללה,,אכרם עטאללה,Local Call,1.0,,,,,7,Other / not identified,,
אלאונור_מרזה_ברונשטיין,,אלאונור מרזה ברונשטיין,Local Call,1.0,,,,,7,Other / not identified,,
אלברט_סוויסה,,אלברט סוויסה,Local Call,1.0,,,,,7,Other / not identified,,
אלברט_סופר,,אלברט סופר,Local Call,1.0,,,,,7,Other / not identified,,
אלדד_ציון,,אלדד ציון,Local Call,1.0,,,,,7,Other / not identified,,
אלה_הלפרן_מתיוס,,אלה הלפרן-מתיוס,Local Call,1.0,,,,,7,Other / not identified,,
אלהאם_בלאן_דעבול,,אלהאם בלאן דעבול,Local Call,1.0,,,,,7,Other / not identified,,
אלואיז_ל_יא_ן,,אלואיז לִיאָן,Local Call,1.0,,,,,7,Other / not identified,,
אלון_הראל,,אלון הראל,Local Call,1.0,,,,,7,Other / not identified,,
אלון_ליאל,,אלון ליאל,Local Call,1.0,,,,,7,Other / not identified,,
אלונה_קדם,,אלונה קדם,Local Call,1.0,,,,,7,Other / not identified,,
אלחנן_מילר,,אלחנן מילר,Local Call,1.0,,,,,7,Other / not identified,,
אלי_אושרוב,,אלי אושרוב,Local Call,1.0,,,,,7,Other / not identified,,
אלי_ביז_אווי,,אלי ביז'אווי,Local Call,1.0,,,,,7,Other / not identified,,
אלי_ברקת,,אלי ברקת,Local Call,1.0,,,,,7,Other / not identified,,
אלי_פודה,,אלי פודה,Local Call,1.0,,,,,7,Other / not identified,,
אלי_שטרן,,אלי שטרן,Local Call,1.0,,,,,7,Other / not identified,,
אליאנה_מחאמיד,,אליאנה מחאמיד,Local Call,1.0,,,,,7,Other / not identified,,
אליאס_זננירי,,אליאס זננירי,Local Call,1.0,,,,,7,Other / not identified,,
אליס_אוסטין,,אליס אוסטין,Local Call,1.0,,,,,7,Other / not identified,,
אליף_ביניג_י,,אליף ביניג'י,Local Call,1.0,,,,,7,Other / not identified,,
אלישה_בסקין,,אלישה בסקין,Local Call,1.0,,,,,7,Other / not identified,,
אלישע_אלכנסדר,,אלישע אלכנסדר,Local Call,1.0,,,,,7,Other / not identified,,
אלכס_שמס,,אלכס שמס,Local Call,1.0,,,,,7,Other / not identified,,
אלעד_וולף,,אלעד וולף,Local Call,1.0,,,,,7,Other / not identified,,
אלקודס_אלערבי,,אלקודס אלערבי,Local Call,1.0,,,,,7,Other / not identified,,
אלקס_ריף,,אלקס ריף,Local Call,1.0,,,,,7,Other / not identified,,
אמג_ד_יאגי,,אמג'ד יאגי,Local Call,1.0,,,,,7,Other / not identified,,
אמג_ד_יאע_י,,אמג'ד יאע'י,Local Call,1.0,,,,,7,Other / not identified,,
אמילי_מואטי,,אמילי מואטי,Local Call,1.0,,,,,7,Other / not identified,,
אמיר_מח_ול,,אמיר מח'ול,Local Call,1.0,,,,,7,Other / not identified,,
אמיר_קליין,,אמיר קליין,Local Call,1.0,,,,,7,Other / not identified,,
אמיר_שטיין,,אמיר שטיין,Local Call,1.0,,,,,7,Other / not identified,,
אמירה_אבו_סאלח,,אמירה אבו סאלח,Local Call,1.0,,,,,7,Other / not identified,,
אמירה_נירנפלד,,אמירה נירנפלד,Local Call,1.0,,,,,7,Other / not identified,,
אמנון,,אמנון,Local Call,1.0,,,,,7,Other / not identified,,
אמנון_בהם,,אמנון בהם,Local Call,1.0,,,,,7,Other / not identified,,
אמנון_פורטוגלי,,אמנון פורטוגלי,Local Call,1.0,,,,,7,Other / not identified,,
אמנון_רז_קרקוצקין,,אמנון רז-קרקוצקין,Local Call,1.0,,,,,7,Other / not identified,,
אנג_י_שו,,אנג׳י שו,Local Call,1.0,,,,,7,Other / not identified,,
אנואר_בן_באדיס,,אנואר בן באדיס*,Local Call,1.0,,,,,7,Other / not identified,,
אנטון_שלחת,,אנטון שלחת,Local Call,1.0,,,,,7,Other / not identified,,
אנס_אבודעבס,,אנס אבודעבס,Local Call,1.0,,,,,7,Other / not identified,,
אנס_ג_נינה,,אנס ג'נינה,Local Call,1.0,,,,,7,Other / not identified,,
אנקה_שניידרמן,,אנקה שניידרמן,Local Call,1.0,,,,,7,Other / not identified,,
אנתוני_בייל,,אנתוני בייל,Local Call,1.0,,,,,7,Other / not identified,,
אסיל_אבו_ורדה,,אסיל אבו ורדה,Local Call,1.0,,,,,7,Other / not identified,,
אסמא_אגבארייה_זחאלקה,,אסמא אגבארייה זחאלקה,Local Call,1.0,,,,,7,Other / not identified,,
אסמאא_יאסין,,אסמאא' יאסין,Local Call,1.0,,,,,7,Other / not identified,,
אסמהאן,,אסמהאן,Local Call,1.0,,,,,7,Other / not identified,,
אסמעיל_אבו_עיטה,,אסמעיל אבו-עיטה,Local Call,1.0,,,,,7,Other / not identified,,
אסנת_טרבלסי,,אסנת טרבלסי,Local Call,1.0,,,,,7,Other / not identified,,
אסנת_שרון,,אסנת שרון,Local Call,1.0,,,,,7,Other / not identified,,
אסעד_גאנם,,אסעד גאנם,Local Call,1.0,,,,,7,Other / not identified,,
אסף_אדיב,,אסף אדיב,Local Call,1.0,,,,,7,Other / not identified,,
אסף_אוזן,,אסף אוזן,Local Call,1.0,,,,,7,Other / not identified,,
אסף_יקיר,,אסף יקיר,Local Call,1.0,,,,,7,Other / not identified,,
אסף_ש_בונדי,,אסף ש. בונדי,Local Call,1.0,,,,,7,Other / not identified,,
אסף_שלו,,אסף שלו,Local Call,1.0,,,,,7,Other / not identified,,
אסתי_ג_חיים,,אסתי ג. חיים,Local Call,1.0,,,,,7,Other / not identified,,
אסתי_רידר_אינדורסקי,,אסתי רידר אינדורסקי,Local Call,1.0,,,,,7,Other / not identified,,
אסתי_שושן,,אסתי שושן,Local Call,1.0,,,,,7,Other / not identified,,
אפי_בת_אילן,,אפי בת-אילן,Local Call,1.0,,,,,7,Other / not identified,,
אפרת_ברגמן_ספיר,,אפרת ברגמן-ספיר,Local Call,1.0,,,,,7,Other / not identified,,
אפרת_לוי,,אפרת לוי,Local Call,1.0,,,,,7,Other / not identified,,
ארון_קלר,,ארון קלר,Local Call,1.0,,,,,7,Other / not identified,,
אריאל_דוד,,אריאל דוד,Local Call,1.0,,,,,7,Other / not identified,,
אריאל_הנדל,,אריאל הנדל,Local Call,1.0,,,,,7,Other / not identified,,
אריאל_שנדר,,אריאל שנדר,Local Call,1.0,,,,,7,Other / not identified,,
אריה_דובנוב,,אריה דובנוב,Local Call,1.0,,,,,7,Other / not identified,,
אריה_קיזל,,אריה קיזל,Local Call,1.0,,,,,7,Other / not identified,,
אריה_קרמפף,,אריה קרמפף,Local Call,1.0,,,,,7,Other / not identified,,
אריק_ילין,,אריק ילין,Local Call,1.0,,,,,7,Other / not identified,,
ארם_מובסיסיאן,,ארם מובסיסיאן,Local Call,1.0,,,,,7,Other / not identified,,
ארנון_הראל,,ארנון הראל,Local Call,1.0,,,,,7,Other / not identified,,
ארקדי_מזין,,ארקדי מזין,Local Call,1.0,,,,,7,Other / not identified,,
ארש_עזיזי,,ארש עזיזי,Local Call,1.0,,,,,7,Other / not identified,,
אשרף_אל_עג_רמי,,אשרף אל-עג'רמי,Local Call,1.0,,,,,7,Other / not identified,,
אשרף_עג_רמי,,אשרף עג'רמי,Local Call,1.0,,,,,7,Other / not identified,,
ב_ס,,"ב""ס",Local Call,1.0,,,,,7,Other / not identified,,
באסל_גטאס,,באסל גטאס,Local Call,1.0,,,,,7,Other / not identified,,
באסם_כנאענה,,באסם כנאענה,Local Call,1.0,,,,,7,Other / not identified,,
באסם_תמימי,,באסם תמימי,Local Call,1.0,,,,,7,Other / not identified,,
בועז_גרפינקל,,בועז גרפינקל,Local Call,1.0,,,,,7,Other / not identified,,
בוריס_רוזנברג,,בוריס רוזנברג,Local Call,1.0,,,,,7,Other / not identified,,
בטינה_בירמנס,,בטינה בירמנס,Local Call,1.0,,,,,7,Other / not identified,,
בן_ארנרייך,,בן ארנרייך,Local Call,1.0,,,,,7,Other / not identified,,
בן_ווייט,,בן ווייט,Local Call,1.0,,,,,7,Other / not identified,,
בן_לורבר,,בן לורבר,Local Call,1.0,,,,,7,Other / not identified,,
בן_לינפילד,,בן לינפילד,Local Call,1.0,,,,,7,Other / not identified,,
בן_פישר,,בן פישר,Local Call,1.0,,,,,7,Other / not identified,,
בן_רונן,,בן רונן,Local Call,1.0,,,,,7,Other / not identified,,
בנימין_מיניץ,,בנימין מיניץ',Local Call,1.0,,,,,7,Other / not identified,,
בנצי_סלקמון,,בנצי סלקמון,Local Call,1.0,,,,,7,Other / not identified,,
בסאם_אל_קוותלי,,בסאם אל-קוותלי,Local Call,1.0,,,,,7,Other / not identified,,
בסמה_פאהום,,בסמה פאהום,Local Call,1.0,,,,,7,Other / not identified,,
בקה_סטרובר,,בקה סטרובר,Local Call,1.0,,,,,7,Other / not identified,,
בר_גיסין,,בר גיסין,Local Call,1.0,,,,,7,Other / not identified,,
ברהום_ג_ראיסי,,ברהום ג'ראיסי,Local Call,1.0,,,,,7,Other / not identified,,
ברוך_יעקבי,,ברוך יעקבי,Local Call,1.0,,,,,7,Other / not identified,,
ברוכי_מלביץ,,ברוכי מלביץ׳,Local Call,1.0,,,,,7,Other / not identified,,
ברוריה_עמאר,,ברוריה עמאר,Local Call,1.0,,,,,7,Other / not identified,,
בשיר_סמיד,,בשיר סמיד,Local Call,1.0,,,,,7,Other / not identified,,
בשיר_עווד_מנסור,,בשיר עווד מנסור,Local Call,1.0,,,,,7,Other / not identified,,
בתיה_קלוש,,בתיה קלוש,Local Call,1.0,,,,,7,Other / not identified,,
ג_אד_נאמן,,ג'אד נאמן,Local Call,1.0,,,,,7,Other / not identified,,
ג_ואו_אלפרדו_טלס_מלו,,ג׳ואו אלפרדו טלס מלו,Local Call,1.0,,,,,7,Other / not identified,,
ג_וליית_תומא,,ג'וליית תומא,Local Call,1.0,,,,,7,Other / not identified,,
ג_ון_ג_קסון,,ג'ון ג'קסון,Local Call,1.0,,,,,7,Other / not identified,,
ג_ונתן_רוזנהד,,ג'ונתן רוזנהד,Local Call,1.0,,,,,7,Other / not identified,,
ג_ורג_ו_גומל,,ג'ורג'ו גומל,Local Call,1.0,,,,,7,Other / not identified,,
ג_ורג_יה_ג_י,,ג'ורג'יה ג'י,Local Call,1.0,,,,,7,Other / not identified,,
ג_וש_לייפר,,ג'וש לייפר,Local Call,1.0,,,,,7,Other / not identified,,
ג_יג_י_אל_עבייד,,ג'יג'י אל עבייד,Local Call,1.0,,,,,7,Other / not identified,,
ג_ידא_רינאוי_זועבי,,ג'ידא רינאוי-זועבי,Local Call,1.0,,,,,7,Other / not identified,,
ג_יהאד_אבו_סלים,,ג'יהאד אבו סלים,Local Call,1.0,,,,,7,Other / not identified,,
ג_ייסון_סטנלי_תרגום_יקיר_אדלמן,,ג'ייסון סטנלי. תרגום: יקיר אדלמן,Local Call,1.0,,,,,7,Other / not identified,,
ג_ים_לוב,,ג'ים לוב,Local Call,1.0,,,,,7,Other / not identified,,
ג_לאל_איוב,,ג'לאל איוב,Local Call,1.0,,,,,7,Other / not identified,,
ג_נה_פופ,,ג'נה פופ,Local Call,1.0,,,,,7,Other / not identified,,
ג_סי_רוזנפלד,,ג'סי רוזנפלד,Local Call,1.0,,,,,7,Other / not identified,,
ג_סיקה_דוואני,,ג'סיקה דוואני,Local Call,1.0,,,,,7,Other / not identified,,
ג_סיקה_נבו,,ג'סיקה נבו,Local Call,1.0,,,,,7,Other / not identified,,
ג_פרי_לואיס,,ג'פרי לואיס,Local Call,1.0,,,,,7,Other / not identified,,
ג_רד_אברהמס,,ג׳רד אברהמס,Local Call,1.0,,,,,7,Other / not identified,,
ג_רמי_קורבין,,ג׳רמי קורבין,Local Call,1.0,,,,,7,Other / not identified,,
גאיה_פולת,,גאיה פולת,Local Call,1.0,,,,,7,Other / not identified,,
גד_רביד,,גד רביד,Local Call,1.0,,,,,7,Other / not identified,,
גדי_גבריהו,,גדי גבריהו,Local Call,1.0,,,,,7,Other / not identified,,
גדי_ליסק,,גדי ליסק,Local Call,1.0,,,,,7,Other / not identified,,
גדיר_האני,,גדיר האני,Local Call,1.0,,,,,7,Other / not identified,,
גדיר_ניקולא,,גדיר ניקולא,Local Call,1.0,,,,,7,Other / not identified,,
גדעון_דוקוב,,גדעון דוקוב,Local Call,1.0,,,,,7,Other / not identified,,
גדעון_סולימני,,גדעון סולימני,Local Call,1.0,,,,,7,Other / not identified,,
גי_האד_בדיר,,גי'האד בדיר,Local Call,1.0,,,,,7,Other / not identified,,
גיא_אלוני,,גיא אלוני,Local Call,1.0,,,,,7,Other / not identified,,
גיא_דולב,,גיא דולב,Local Call,1.0,,,,,7,Other / not identified,,
גיא_הירשפלד,,גיא הירשפלד,Local Call,1.0,,,,,7,Other / not identified,,
גיא_טל,,גיא טל,Local Call,1.0,,,,,7,Other / not identified,,
גיא_קריגר,,גיא קריגר,Local Call,1.0,,,,,7,Other / not identified,,
גיורא_כץ,,גיורא כץ,Local Call,1.0,,,,,7,Other / not identified,,
גייל_טלשיר,,גייל טלשיר,Local Call,1.0,,,,,7,Other / not identified,,
גיל_הררי,,גיל הררי,Local Call,1.0,,,,,7,Other / not identified,,
גיל_חיזי,,גיל חיזי,Local Call,1.0,,,,,7,Other / not identified,,
גל_הרץ,,גל הרץ,Local Call,1.0,,,,,7,Other / not identified,,
גל_זיידמן,,גל זיידמן,Local Call,1.0,,,,,7,Other / not identified,,
גל_ינובסקי,,גל ינובסקי,Local Call,1.0,,,,,7,Other / not identified,,
גל_לוי,,גל לוי,Local Call,1.0,,,,,7,Other / not identified,,
גל_סתיו_אלפסי,,גל סתיו אלפסי,Local Call,1.0,,,,,7,Other / not identified,,
גלית_דהן_קרליבך,,גלית דהן קרליבך,Local Call,1.0,,,,,7,Other / not identified,,
גלית_לובצקי,,גלית לובצקי,Local Call,1.0,,,,,7,Other / not identified,,
גלעד_הלפרן,,גלעד הלפרן,Local Call,1.0,,,,,7,Other / not identified,,
גלעד_ליברמן,,גלעד ליברמן,Local Call,1.0,,,,,7,Other / not identified,,
גרדיאן,,גרדיאן,Local Call,1.0,,,,,7,Other / not identified,,
גרשון_בסקין,,גרשון בסקין,Local Call,1.0,,,,,7,Other / not identified,,
ד,,ד',Local Call,1.0,,,,,7,Other / not identified,,
ד_ר_אמאל_מוסא,,"ד""ר אמאל מוסא",Local Call,1.0,,,,,7,Other / not identified,,
ד_ר_אסף_דוד,,"ד""ר אסף דוד",Local Call,1.0,,,,,7,Other / not identified,,
ד_ר_ג_מיל_סלימאן,,"ד""ר ג'מיל סלימאן",Local Call,1.0,,,,,7,Other / not identified,,
ד_ר_יוסף_ג_בארין,,"ד""ר יוסף ג'בארין",Local Call,1.0,,,,,7,Other / not identified,,
דוד_בן_שבת,,דוד בן שבת,Local Call,1.0,,,,,7,Other / not identified,,
דוד_כהן,,דוד כהן,Local Call,1.0,,,,,7,Other / not identified,,
דוד_לוי_פאור,,דוד לוי-פאור,Local Call,1.0,,,,,7,Other / not identified,,
דוד_מזרחי,,דוד מזרחי,Local Call,1.0,,,,,7,Other / not identified,,
דוד_רטנר,,דוד רטנר,Local Call,1.0,,,,,7,Other / not identified,,
דודו_רוטמן,,דודו רוטמן,Local Call,1.0,,,,,7,Other / not identified,,
דויד_מוצפי_האלר,,דויד מוצפי האלר,Local Call,1.0,,,,,7,Other / not identified,,
דועאא_אלבאז,,דועאא אלבאז,Local Call,1.0,,,,,7,Other / not identified,,
דועאא_מוחיסן,,דועאא׳ מוחיסן,Local Call,1.0,,,,,7,Other / not identified,,
דורון_מיינרט,,דורון מיינרט,Local Call,1.0,,,,,7,Other / not identified,,
דורית_אברמוביץ,,דורית אברמוביץ',Local Call,1.0,,,,,7,Other / not identified,,
דורית_נעמן,,דורית נעמן,Local Call,1.0,,,,,7,Other / not identified,,
דותן_ברום,,דותן ברום,Local Call,1.0,,,,,7,Other / not identified,,
דיאנה_בארון,,דיאנה בארון,Local Call,1.0,,,,,7,Other / not identified,,
דייב_אגרס,,דייב אגרס,Local Call,1.0,,,,,7,Other / not identified,,
דימה_סרוג_י,,דימה סרוג'י,Local Call,1.0,,,,,7,Other / not identified,,
דין_יששכרוף,,דין יששכרוף,Local Call,1.0,,,,,7,Other / not identified,,
דלית_באום,,דלית באום,Local Call,1.0,,,,,7,Other / not identified,,
דן_חיימוביץ,,דן חיימוביץ',Local Call,1.0,,,,,7,Other / not identified,,
דנה_אמיר,,דנה אמיר,Local Call,1.0,,,,,7,Other / not identified,,
דנה_בן_שמעון,,דנה בן שמעון,Local Call,1.0,,,,,7,Other / not identified,,
דנה_גולן,,דנה גולן,Local Call,1.0,,,,,7,Other / not identified,,
דנה_מירטנבאום,,דנה מירטנבאום,Local Call,1.0,,,,,7,Other / not identified,,
דני_ברודסקי,,דני ברודסקי,Local Call,1.0,,,,,7,Other / not identified,,
דני_שנהר,,דני שנהר,Local Call,1.0,,,,,7,Other / not identified,,
דניאל_אנדרי_פילדמן,,דניאל אנדרי פילדמן,Local Call,1.0,,,,,7,Other / not identified,,
דניאל_בלטה,,דניאל בלטה,Local Call,1.0,,,,,7,Other / not identified,,
דניאל_זיידמן,,דניאל זיידמן,Local Call,1.0,,,,,7,Other / not identified,,
דניאלה_טולצ_ינסקי,,דניאלה טולצ'ינסקי,Local Call,1.0,,,,,7,Other / not identified,,
דפנה_ברנקל,,דפנה ברנקל,Local Call,1.0,,,,,7,Other / not identified,,
דפנה_גלפז,,דפנה גלפז,Local Call,1.0,,,,,7,Other / not identified,,
דפנה_ספורטה,,דפנה ספורטה,Local Call,1.0,,,,,7,Other / not identified,,
דקלה_טיילור_שיינמן,,דקלה טיילור-שיינמן,Local Call,1.0,,,,,7,Other / not identified,,
דרור_בוימל,,דרור בוימל,Local Call,1.0,,,,,7,Other / not identified,,
דרור_עתריה,,דרור עתריה,Local Call,1.0,,,,,7,Other / not identified,,
האדי_ראמי,,האדי ראמי,Local Call,1.0,,,,,7,Other / not identified,,
האני_אל_מסרי,,האני אל-מסרי,Local Call,1.0,,,,,7,Other / not identified,,
הגר_שחטר,,הגר שחטר,Local Call,1.0,,,,,7,Other / not identified,,
הדאיה_שמעון,,הדאיה שמעון,Local Call,1.0,,,,,7,Other / not identified,,
הדי_ויטרבו,,הדי ויטרבו,Local Call,1.0,,,,,7,Other / not identified,,
הדס_בנימיני,,הדס בנימיני,Local Call,1.0,,,,,7,Other / not identified,,
הדס_טל,,הדס טל,Local Call,1.0,,,,,7,Other / not identified,,
הודא_עמורי,,הודא עמורי,Local Call,1.0,,,,,7,Other / not identified,,
הוניידה_ע_אנם,,הוניידה ע'אנם,Local Call,1.0,,,,,7,Other / not identified,,
הייא_אבו_ורדה,,הייא אבו ורדה,Local Call,1.0,,,,,7,Other / not identified,,
הילאל_עלוש,,הילאל עלוש,Local Call,1.0,,,,,7,Other / not identified,,
הילה_טוב,,הילה טוב,Local Call,1.0,,,,,7,Other / not identified,,
הילה_עמית,,הילה עמית,Local Call,1.0,,,,,7,Other / not identified,,
הילי_עמנואל,,הילי עמנואל,Local Call,1.0,,,,,7,Other / not identified,,
הימת_זועבי,,הימת זועבי,Local Call,1.0,,,,,7,Other / not identified,,
הלא_ה,,הלא ה',Local Call,1.0,,,,,7,Other / not identified,,
הלל_גרמי,,הלל גרמי,Local Call,1.0,,,,,7,Other / not identified,,
הלל_כהן,,הלל כהן,Local Call,1.0,,,,,7,Other / not identified,,
הלל_פישר,,הלל פישר,Local Call,1.0,,,,,7,Other / not identified,,
הנאדי_וליד_שאער,,הנאדי וליד שאער,Local Call,1.0,,,,,7,Other / not identified,,
הני_זובידה,,הני זובידה,Local Call,1.0,,,,,7,Other / not identified,,
הנרייט_דהאן_כלב,,הנרייט דהאן כלב,Local Call,1.0,,,,,7,Other / not identified,,
הרב_גיא_אלאלוף,,הרב גיא אלאלוף,Local Call,1.0,,,,,7,Other / not identified,,
הרב_נועה_מזור,,הרב נועה מזור,Local Call,1.0,,,,,7,Other / not identified,,
הרב_קובי_וייס,,הרב קובי וייס,Local Call,1.0,,,,,7,Other / not identified,,
השאם_נפאע,,השאם נפאע,Local Call,1.0,,,,,7,Other / not identified,,
ואליד_שהיד,,ואליד שהיד,Local Call,1.0,,,,,7,Other / not identified,,
ודיע_עוואוודה,,ודיע עוואוודה,Local Call,1.0,,,,,7,Other / not identified,,
וידאד_עטוה,,וידאד עטוה,Local Call,1.0,,,,,7,Other / not identified,,
וליד_דקה,,וליד דקה,Local Call,1.0,,,,,7,Other / not identified,,
ו_ס_אם_נביל_אלמ_ד_נ_י,,וִסַאם נביל אלמַדַנִי,Local Call,1.0,,,,,7,Other / not identified,,
וסים_יונס,,וסים יונס,Local Call,1.0,,,,,7,Other / not identified,,
ועד_הפעולה_של_תושבי_גבעת_עמל,,ועד הפעולה של תושבי גבעת עמל,Local Call,1.0,,,,,7,Other / not identified,,
ורד_מדר,,ורד מדר,Local Call,1.0,,,,,7,Other / not identified,,
ורה_סרג_אווי,,ורה סרג'אווי,Local Call,1.0,,,,,7,Other / not identified,,
ז_וסלין_ברמו,,ז'וסלין ברמו,Local Call,1.0,,,,,7,Other / not identified,,
ז_ילא_מוסאעד,,ז'ילא מוסאעד,Local Call,1.0,,,,,7,Other / not identified,,
זאב_אמריך,,זאב אמריך,Local Call,1.0,,,,,7,Other / not identified,,
זאב_לוין,,זאב לוין,Local Call,1.0,,,,,7,Other / not identified,,
זאב_סמילנסקי,,זאב סמילנסקי,Local Call,1.0,,,,,7,Other / not identified,,
זהייה_קונדוס,,זהייה קונדוס,Local Call,1.0,,,,,7,Other / not identified,,
זהר_ינוביץ,,זהר ינוביץ',Local Call,1.0,,,,,7,Other / not identified,,
זוכרות,,זוכרות,Local Call,1.0,,,,,7,Other / not identified,,
זיאד_אבו_זיאד,,זיאד אבו זיאד,Local Call,1.0,,,,,7,Other / not identified,,
זיו_ברקוביץ_פדידה,,זיו ברקוביץ'-פדידה,Local Call,1.0,,,,,7,Other / not identified,,
זיו_יחזקאל,,זיו יחזקאל,Local Call,1.0,,,,,7,Other / not identified,,
זיזו_אבו_אלהוא,,זיזו אבו אלהוא,Local Call,1.0,,,,,7,Other / not identified,,
זינב_אטרש,,זינב אטרש,Local Call,1.0,,,,,7,Other / not identified,,
זינה_טחאן,,זינה טחאן,Local Call,1.0,,,,,7,Other / not identified,,
זליכה_מוהתאסב,,זליכה מוהתאסב,Local Call,1.0,,,,,7,Other / not identified,,
ח_אלד_ג_ומעה,,ח'אלד ג'ומעה,Local Call,1.0,,,,,7,Other / not identified,,
ח_דיג_ה_ח_וויץ,,ח'דיג'ה ח'וויץ,Local Call,1.0,,,,,7,Other / not identified,,
ח_ליל_אל_חלבי,,ח'ליל אל-חלבי,Local Call,1.0,,,,,7,Other / not identified,,
חאזם_אל_אמין,,חאזם אל־אמין,Local Call,1.0,,,,,7,Other / not identified,,
חגית_לרנאו,,חגית לרנאו,Local Call,1.0,,,,,7,Other / not identified,,
חגית_קיסר,,חגית קיסר,Local Call,1.0,,,,,7,Other / not identified,,
חזי_שוסטר,,חזי שוסטר,Local Call,1.0,,,,,7,Other / not identified,,
חיים_ביטון,,חיים ביטון,Local Call,1.0,,,,,7,Other / not identified,,
חיים_כצמן,,חיים כצמן,Local Call,1.0,,,,,7,Other / not identified,,
חליל_אבו_יחיא,,חליל אבו יחיא,Local Call,1.0,,,,,7,Other / not identified,,
חליל_אלעמור,,חליל אלעמור,Local Call,1.0,,,,,7,Other / not identified,,
חמדאן_בלאל,,חמדאן בלאל,Local Call,1.0,,,,,7,Other / not identified,,
חמדאן_מוחמד_אל_הורייני,,חמדאן מוחמד אל-הורייני,Local Call,1.0,,,,,7,Other / not identified,,
חן_אגרי,,חן אגרי,Local Call,1.0,,,,,7,Other / not identified,,
חן_אלמליח,,חן אלמליח,Local Call,1.0,,,,,7,Other / not identified,,
חן_שרעבי,,חן שרעבי,Local Call,1.0,,,,,7,Other / not identified,,
חנה_זהר,,חנה זהר,Local Call,1.0,,,,,7,Other / not identified,,
חנה_קים,,חנה קים,Local Call,1.0,,,,,7,Other / not identified,,
חני_בריגע,,חני בריגע,Local Call,1.0,,,,,7,Other / not identified,,
חסאם_מסאלחה,,חסאם מסאלחה,Local Call,1.0,,,,,7,Other / not identified,,
חסן_נאפעה,,חסן נאפעה,Local Call,1.0,,,,,7,Other / not identified,,
חסן_סלמאן,,חסן סלמאן,Local Call,1.0,,,,,7,Other / not identified,,
חסן_רחימה,,חסן רחימה,Local Call,1.0,,,,,7,Other / not identified,,
טאהא_מוחמד_עלי,,טאהא מוחמד עלי,Local Call,1.0,,,,,7,Other / not identified,,
טאלא_אבו_רחמה,,טאלא אבו רחמה,Local Call,1.0,,,,,7,Other / not identified,,
טאראס_בילוס,,טאראס בילוס,Local Call,1.0,,,,,7,Other / not identified,,
טארק_ברגות,,טארק ברגות,Local Call,1.0,,,,,7,Other / not identified,,
טאשה_קמינסקי,,טאשה קמינסקי,Local Call,1.0,,,,,7,Other / not identified,,
טוני_קארון,,טוני קארון,Local Call,1.0,,,,,7,Other / not identified,,
טוני_קלוג,,טוני קלוג,Local Call,1.0,,,,,7,Other / not identified,,
טורקיה,,טורקיה,Local Call,1.0,,,,,7,Other / not identified,,
טל_אברך,,טל אברך,Local Call,1.0,,,,,7,Other / not identified,,
טל_גלבוע,,טל גלבוע,Local Call,1.0,,,,,7,Other / not identified,,
טל_טארו,,טל טארו,Local Call,1.0,,,,,7,Other / not identified,,
טל_לשם,,טל לשם,Local Call,1.0,,,,,7,Other / not identified,,
טל_תמיר_ודנה_וינברג,,טל תמיר ודנה וינברג,Local Call,1.0,,,,,7,Other / not identified,,
טלי_יצחקי,,טלי יצחקי,Local Call,1.0,,,,,7,Other / not identified,,
טלי_ניר,,טלי ניר,Local Call,1.0,,,,,7,Other / not identified,,
טליה_אזרחי,,טליה אזרחי,Local Call,1.0,,,,,7,Other / not identified,,
טליה_אריאב,,טליה אריאב,Local Call,1.0,,,,,7,Other / not identified,,
טריטאניה_ראי,,טריטאניה ראי,Local Call,1.0,,,,,7,Other / not identified,,
יאיר_ולך,,יאיר ולך,Local Call,1.0,,,,,7,Other / not identified,,
יאיר_טרצ_יצקי,,יאיר טרצ'יצקי,Local Call,1.0,,,,,7,Other / not identified,,
יאיר_קלדור,,יאיר קלדור,Local Call,1.0,,,,,7,Other / not identified,,
יאנה_סוריאדניה,,יאנה סוריאדניה,Local Call,1.0,,,,,7,Other / not identified,,
יאסמין_זבידאת,,יאסמין זבידאת,Local Call,1.0,,,,,7,Other / not identified,,
יאסר_עוקבי,,יאסר עוקבי,Local Call,1.0,,,,,7,Other / not identified,,
יארא_דואני,,יארא דואני,Local Call,1.0,,,,,7,Other / not identified,,
יגאל_אלחנן,,יגאל אלחנן,Local Call,1.0,,,,,7,Other / not identified,,
יגאל_סרנה,,יגאל סרנה,Local Call,1.0,,,,,7,Other / not identified,,
ידידיה_שלום,,ידידיה שלום,Local Call,1.0,,,,,7,Other / not identified,,
יהודה_שנהב_שהרבני,,יהודה שנהב-שהרבני,Local Call,1.0,,,,,7,Other / not identified,,
יהושע_סימון,,יהושע סימון,Local Call,1.0,,,,,7,Other / not identified,,
יהל_גזית,,יהל גזית,Local Call,1.0,,,,,7,Other / not identified,,
יהלי_אגאי,,יהלי אגאי,Local Call,1.0,,,,,7,Other / not identified,,
יו_לובאט,,יו לובאט,Local Call,1.0,,,,,7,Other / not identified,,
יואב_גרובייס,,יואב גרובייס,Local Call,1.0,,,,,7,Other / not identified,,
יואב_ליטוין,,יואב ליטוין,Local Call,1.0,,,,,7,Other / not identified,,
יואב_ללום,,יואב ללום,Local Call,1.0,,,,,7,Other / not identified,,
יובל_אור,,יובל אור,Local Call,1.0,,,,,7,Other / not identified,,
יובל_בן_ארי,,יובל בן ארי,Local Call,1.0,,,,,7,Other / not identified,,
יובל_בן_עטיה,,יובל בן עטיה,Local Call,1.0,,,,,7,Other / not identified,,
יובל_דג,,יובל דג,Local Call,1.0,,,,,7,Other / not identified,,
יולי_חרומצ_נקו,,יולי חרומצ'נקו,Local Call,1.0,,,,,7,Other / not identified,,
יוני_אשפר,,יוני אשפר,Local Call,1.0,,,,,7,Other / not identified,,
יונתן_אנגלנדר,,יונתן אנגלנדר,Local Call,1.0,,,,,7,Other / not identified,,
יונתן_ברזילי,,יונתן ברזילי,Local Call,1.0,,,,,7,Other / not identified,,
יונתן_זייגן,,יונתן זייגן,Local Call,1.0,,,,,7,Other / not identified,,
יונתן_שורק,,יונתן שורק,Local Call,1.0,,,,,7,Other / not identified,,
יונתן_שמיר,,יונתן שמיר,Local Call,1.0,,,,,7,Other / not identified,,
יוסי_אמיתי,,יוסי אמיתי,Local Call,1.0,,,,,7,Other / not identified,,
יוסי_בן_אלול,,יוסי בן אלול,Local Call,1.0,,,,,7,Other / not identified,,
יוסי_וולפסון,,יוסי וולפסון,Local Call,1.0,,,,,7,Other / not identified,,
יוסי_וולפסון_ועדי_ווינטר,,יוסי וולפסון ועדי ווינטר,Local Call,1.0,,,,,7,Other / not identified,,
יוסי_לוס,,יוסי לוס,Local Call,1.0,,,,,7,Other / not identified,,
יו_סף_אל_ג_מל,,יוּסף אל-ג'מל,Local Call,1.0,,,,,7,Other / not identified,,
יוסף_ברוך,,יוסף ברוך,Local Call,1.0,,,,,7,Other / not identified,,
יוסף_מונייר,,יוסף מונייר,Local Call,1.0,,,,,7,Other / not identified,,
יוסףה_מקיטון,,יוסףה מקיטון,Local Call,1.0,,,,,7,Other / not identified,,
יוספה_רז,,יוספה רז,Local Call,1.0,,,,,7,Other / not identified,,
יוסר_יוסף,,יוסר יוסף,Local Call,1.0,,,,,7,Other / not identified,,
יועד_וינטר_שגב,,יועד וינטר-שגב,Local Call,1.0,,,,,7,Other / not identified,,
יורם_בלומנרקנץ,,יורם בלומנרקנץ,Local Call,1.0,,,,,7,Other / not identified,,
יורם_הורוביץ,,יורם הורוביץ,Local Call,1.0,,,,,7,Other / not identified,,
יורם_קפלן,,יורם קפלן,Local Call,1.0,,,,,7,Other / not identified,,
יותם_בן_הלל,,יותם בן הלל,Local Call,1.0,,,,,7,Other / not identified,,
יותם_בן_מאיר,,יותם בן מאיר,Local Call,1.0,,,,,7,Other / not identified,,
יותם_וילק,,יותם וילק,Local Call,1.0,,,,,7,Other / not identified,,
יותם_פלדמן,,יותם פלדמן,Local Call,1.0,,,,,7,Other / not identified,,
יותם_קיפניס,,יותם קיפניס,Local Call,1.0,,,,,7,Other / not identified,,
יותם_רוטפלד,,יותם רוטפלד,Local Call,1.0,,,,,7,Other / not identified,,
יותם_רונן,,יותם רונן,Local Call,1.0,,,,,7,Other / not identified,,
יחזקאל_ליין,,יחזקאל ליין,Local Call,1.0,,,,,7,Other / not identified,,
יחיאל_גריינימן,,יחיאל גריינימן,Local Call,1.0,,,,,7,Other / not identified,,
ינון_זלצמן,,ינון זלצמן,Local Call,1.0,,,,,7,Other / not identified,,
יסמין_סירחאן,,יסמין סירחאן,Local Call,1.0,,,,,7,Other / not identified,,
יסמין_ערן_ורדי,,יסמין ערן-ורדי,Local Call,1.0,,,,,7,Other / not identified,,
יע_מא_גולרואי,,יע'מא גולרואי,Local Call,1.0,,,,,7,Other / not identified,,
יעל_אבן,,יעל אבן,Local Call,1.0,,,,,7,Other / not identified,,
יעל_בורשטיין,,יעל בורשטיין,Local Call,1.0,,,,,7,Other / not identified,,
יעל_גולן,,יעל גולן,Local Call,1.0,,,,,7,Other / not identified,,
יעל_וולפנזון_ומרטין_וילר,,יעל וולפנזון ומרטין וילר,Local Call,1.0,,,,,7,Other / not identified,,
יעל_כהן_רימר,,יעל כהן-רימר,Local Call,1.0,,,,,7,Other / not identified,,
יעל_לוטן,,יעל לוטן,Local Call,1.0,,,,,7,Other / not identified,,
יעל_לרר,,יעל לרר,Local Call,1.0,,,,,7,Other / not identified,,
יעל_מעין,,יעל מעין,Local Call,1.0,,,,,7,Other / not identified,,
יעל_מרום_צילום,,יעל מרום. צילום,Local Call,1.0,,,,,7,Other / not identified,,
יעל_משעלי,,יעל משעלי,Local Call,1.0,,,,,7,Other / not identified,,
יעל_נוי,,יעל נוי,Local Call,1.0,,,,,7,Other / not identified,,
יעל_עגור_אורגל,,יעל עגור אורגל,Local Call,1.0,,,,,7,Other / not identified,,
יעל_פרנקל,,יעל פרנקל,Local Call,1.0,,,,,7,Other / not identified,,
יעל_רונן,,יעל רונן,Local Call,1.0,,,,,7,Other / not identified,,
יעל_שמריהו_ישורון,,יעל שמריהו-ישורון,Local Call,1.0,,,,,7,Other / not identified,,
יעלה_מזור,,יעלה מזור,Local Call,1.0,,,,,7,Other / not identified,,
יענקלה_פטרושקה,,יענקלה פטרושקה,Local Call,1.0,,,,,7,Other / not identified,,
יעקב_ידגר,,יעקב ידגר,Local Call,1.0,,,,,7,Other / not identified,,
יערה_אללוף,,יערה אללוף,Local Call,1.0,,,,,7,Other / not identified,,
יפעת_ביטון,,יפעת ביטון,Local Call,1.0,,,,,7,Other / not identified,,
יצחק_יאני_נבו,,יצחק יאני נבו,Local Call,1.0,,,,,7,Other / not identified,,
יקי_שגיא,,יקי שגיא,Local Call,1.0,,,,,7,Other / not identified,,
יקיר_אנגלנדר,,יקיר אנגלנדר,Local Call,1.0,,,,,7,Other / not identified,,
יקיר_בן_מאור,,יקיר בן-מאור,Local Call,1.0,,,,,7,Other / not identified,,
ירדן_כץ,,ירדן כץ,Local Call,1.0,,,,,7,Other / not identified,,
ירון_אבהר_ג_קסון,,ירון אבהר ג'קסון,Local Call,1.0,,,,,7,Other / not identified,,
יריב_אופנהיימר,,יריב אופנהיימר,Local Call,1.0,,,,,7,Other / not identified,,
ישי_קלמנוביץ,,ישי קלמנוביץ',Local Call,1.0,,,,,7,Other / not identified,,
ישי_שכטר,,ישי שכטר,Local Call,1.0,,,,,7,Other / not identified,,
כ,,כ',Local Call,1.0,,,,,7,Other / not identified,,
כרמית_לובנוב,,כרמית לובנוב,Local Call,1.0,,,,,7,Other / not identified,,
כרמל_פומרנץ,,כרמל פומרנץ,Local Call,1.0,,,,,7,Other / not identified,,
ל_י,,"ל""י",Local Call,1.0,,,,,7,Other / not identified,,
לב_ים_גונן,,לב ים גונן,Local Call,1.0,,,,,7,Other / not identified,,
להב_הלוי,,להב הלוי,Local Call,1.0,,,,,7,Other / not identified,,
לואי_פישמן,,לואי פישמן,Local Call,1.0,,,,,7,Other / not identified,,
לובנה_מסארווה,,לובנה מסארווה,Local Call,1.0,,,,,7,Other / not identified,,
לוטן_רז,,לוטן רז,Local Call,1.0,,,,,7,Other / not identified,,
לוק_האוסבי,,לוק האוסבי,Local Call,1.0,,,,,7,Other / not identified,,
לוראן_רישאר,,לוראן רישאר,Local Call,1.0,,,,,7,Other / not identified,,
לורה_ורטון,,לורה ורטון,Local Call,1.0,,,,,7,Other / not identified,,
לורה_זלץ,,לורה זלץ,Local Call,1.0,,,,,7,Other / not identified,,
לוריא_דלה,,לוריא דלה,Local Call,1.0,,,,,7,Other / not identified,,
לטיף_דורי,,לטיף דורי,Local Call,1.0,,,,,7,Other / not identified,,
ליאו_קורי,,ליאו קורי,Local Call,1.0,,,,,7,Other / not identified,,
ליאור_אוחיון,,ליאור אוחיון,Local Call,1.0,,,,,7,Other / not identified,,
ליאור_ווטרמן,,ליאור ווטרמן,Local Call,1.0,,,,,7,Other / not identified,,
ליבי_ראב,,ליבי ראב,Local Call,1.0,,,,,7,Other / not identified,,
ליהי_יופה,,ליהי יופה,Local Call,1.0,,,,,7,Other / not identified,,
לילא_אלסאנע,,לילא אלסאנע,Local Call,1.0,,,,,7,Other / not identified,,
לילא_בתריס,,לילא בתריס,Local Call,1.0,,,,,7,Other / not identified,,
לילה_חסן,,לילה חסן,Local Call,1.0,,,,,7,Other / not identified,,
לילך_אטיאס_דרמון,,לילך אטיאס דרמון,Local Call,1.0,,,,,7,Other / not identified,,
לימור_יהודה,,לימור יהודה,Local Call,1.0,,,,,7,Other / not identified,,
לירון_כהן,,לירון כהן,Local Call,1.0,,,,,7,Other / not identified,,
לנא_טאטור,,לנא טאטור,Local Call,1.0,,,,,7,Other / not identified,,
לנה_אוברמאייר,,לנה אוברמאייר,Local Call,1.0,,,,,7,Other / not identified,,
לנה_רוסובסקי,,לנה רוסובסקי,Local Call,1.0,,,,,7,Other / not identified,,
מאהר_תלחמי,,מאהר תלחמי,Local Call,1.0,,,,,7,Other / not identified,,
מאיה_אבו_אל_חיאת,,מאיה אבו אל-חיאת,Local Call,1.0,,,,,7,Other / not identified,,
מאיה_בדרשי_קירשן,,מאיה בדרשי קירשן,Local Call,1.0,,,,,7,Other / not identified,,
מאיה_לכטמן,,מאיה לכטמן,Local Call,1.0,,,,,7,Other / not identified,,
מאיסאנה_מוראני,,מאיסאנה מוראני,Local Call,1.0,,,,,7,Other / not identified,,
מאיר_ברוכין,,מאיר ברוכין,Local Call,1.0,,,,,7,Other / not identified,,
מאיר_נדב,,מאיר נדב,Local Call,1.0,,,,,7,Other / not identified,,
מאריא_זרייק,,מאריא זרייק,Local Call,1.0,,,,,7,Other / not identified,,
מאת_ודיע_עואודה,,מאת ודיע עואודה,Local Call,1.0,,,,,7,Other / not identified,,
מג_דל_רשו,,מג'דל רשו,Local Call,1.0,,,,,7,Other / not identified,,
מגדלנה_הרבדה,,מגדלנה הרבדה,Local Call,1.0,,,,,7,Other / not identified,,
מגי_פויר,,מגי פויר,Local Call,1.0,,,,,7,Other / not identified,,
מגנוס_פיץ,,מגנוס פיץ,Local Call,1.0,,,,,7,Other / not identified,,
מהא_אלנקיב,,מהא אלנקיב,Local Call,1.0,,,,,7,Other / not identified,,
מהא_חוסייני_middle_east_eye,,מהא חוסייני Middle East Eye,Local Call,1.0,,,,,7,Other / not identified,,
מהא_נאקיב,,מהא נאקיב,Local Call,1.0,,,,,7,Other / not identified,,
מהא_נסאר,,מהא נסאר,Local Call,1.0,,,,,7,Other / not identified,,
מהא_שחאדה_סויטאת,,מהא שחאדה-סויטאת,Local Call,1.0,,,,,7,Other / not identified,,
מוחמד_אל_באו,,מוחמד אל באו,Local Call,1.0,,,,,7,Other / not identified,,
מוחמד_אלעאלול,,מוחמד אלעאלול,Local Call,1.0,,,,,7,Other / not identified,,
מוחמד_ברהים,,מוחמד ברהים,Local Call,1.0,,,,,7,Other / not identified,,
מוחמד_דאהר,,מוחמד דאהר,Local Call,1.0,,,,,7,Other / not identified,,
מוחמד_וערי,,מוחמד וערי,Local Call,1.0,,,,,7,Other / not identified,,
מוחמד_זידאן,,מוחמד זידאן,Local Call,1.0,,,,,7,Other / not identified,,
מוחמד_ח_לאילה,,מוחמד ח'לאילה,Local Call,1.0,,,,,7,Other / not identified,,
מוחמד_סולימאן,,מוחמד סולימאן,Local Call,1.0,,,,,7,Other / not identified,,
מוחמד_עבד_אל_קאדר,,מוחמד עבד אל קאדר,Local Call,1.0,,,,,7,Other / not identified,,
מוחמד_עזאיזה,,מוחמד עזאיזה,Local Call,1.0,,,,,7,Other / not identified,,
מוחמד_עלי_טהא,,מוחמד עלי טהא,Local Call,1.0,,,,,7,Other / not identified,,
מוחמד_עלי_קסום,,מוחמד עלי קסום,Local Call,1.0,,,,,7,Other / not identified,,
מוחמד_קבהא,,מוחמד קבהא,Local Call,1.0,,,,,7,Other / not identified,,
מוטי_לרנר,,מוטי לרנר,Local Call,1.0,,,,,7,Other / not identified,,
מוטי_פוגל,,מוטי פוגל,Local Call,1.0,,,,,7,Other / not identified,,
מוטסים_עלי,,מוטסים עלי,Local Call,1.0,,,,,7,Other / not identified,,
מונעים_הארון,,מונעים הארון,Local Call,1.0,,,,,7,Other / not identified,,
מוסא_אבו_השאש,,מוסא אבו השאש,Local Call,1.0,,,,,7,Other / not identified,,
מוסא_ג_ירייס,,מוסא ג'ירייס,Local Call,1.0,,,,,7,Other / not identified,,
מוסטפא_אלברגותי,,מוסטפא אלברגותי,Local Call,1.0,,,,,7,Other / not identified,,
מוסעב_אבו_תוחא,,מוסעב אבו-תוחא,Local Call,1.0,,,,,7,Other / not identified,,
מועסתם_דאלול,,מועסתם דאלול,Local Call,1.0,,,,,7,Other / not identified,,
מור_הרניק_בלום,,מור הרניק בלום,Local Call,1.0,,,,,7,Other / not identified,,
מור_סטולר,,מור סטולר,Local Call,1.0,,,,,7,Other / not identified,,
מורג_וילהלם,,מורג וילהלם,Local Call,1.0,,,,,7,Other / not identified,,
מוריאל_רוטמן,,מוריאל רוטמן,Local Call,1.0,,,,,7,Other / not identified,,
מורן_אביב,,מורן אביב,Local Call,1.0,,,,,7,Other / not identified,,
מורן_לבנת,,מורן לבנת,Local Call,1.0,,,,,7,Other / not identified,,
מורן_מימוני,,מורן מימוני,Local Call,1.0,,,,,7,Other / not identified,,
מותוולי_מוחמדין,,מותוולי מוחמדין,Local Call,1.0,,,,,7,Other / not identified,,
מחמד_אל_כורד,,מחמד אל-כורד,Local Call,1.0,,,,,7,Other / not identified,,
מחמד_ח_טיב,,מחמד ח'טיב,Local Call,1.0,,,,,7,Other / not identified,,
מחמוד_חממדה,,מחמוד חממדה,Local Call,1.0,,,,,7,Other / not identified,,
מחמוד_נסאר,,מחמוד נסאר,Local Call,1.0,,,,,7,Other / not identified,,
מי_טל_כהן,,מי-טל כהן,Local Call,1.0,,,,,7,Other / not identified,,
מי_טל_נדלר,,מי-טל נדלר,Local Call,1.0,,,,,7,Other / not identified,,
מידל_איסט_איי,,מידל איסט איי,Local Call,1.0,,,,,7,Other / not identified,,
מיה_אפשטיין,,מיה אפשטיין,Local Call,1.0,,,,,7,Other / not identified,,
מיה_הבר,,מיה הבר,Local Call,1.0,,,,,7,Other / not identified,,
מיה_חסקל,,מיה חסקל,Local Call,1.0,,,,,7,Other / not identified,,
מיה_עתידיה,,מיה עתידיה,Local Call,1.0,,,,,7,Other / not identified,,
מיה_רפלוביץ_קמפבל,,מיה רפלוביץ'-קמפבל,Local Call,1.0,,,,,7,Other / not identified,,
מייגן_אוטול,,מייגן אוטול,Local Call,1.0,,,,,7,Other / not identified,,
מייסון_שחאדה,,מייסון שחאדה,Local Call,1.0,,,,,7,Other / not identified,,
מיכאל_ורשבסקי,,מיכאל ורשבסקי,Local Call,1.0,,,,,7,Other / not identified,,
מיכאל_עומר_מן,,מיכאל עומר-מן,Local Call,1.0,,,,,7,Other / not identified,,
מיכל_ורשבסקי,,מיכל ורשבסקי,Local Call,1.0,,,,,7,Other / not identified,,
מיכל_טל_יה,,מיכל טל-יה,Local Call,1.0,,,,,7,Other / not identified,,
מיכל_סטולר,,מיכל סטולר,Local Call,1.0,,,,,7,Other / not identified,,
מיכל_סלע,,מיכל סלע,Local Call,1.0,,,,,7,Other / not identified,,
מיכל_פלג,,מיכל פלג,Local Call,1.0,,,,,7,Other / not identified,,
מיכל_צ_ודנר,,מיכל צ'ודנר,Local Call,1.0,,,,,7,Other / not identified,,
מיכל_שילאור,,מיכל שילאור,Local Call,1.0,,,,,7,Other / not identified,,
מיקו_זלדס_רות,,מיקו זלדס רות,Local Call,1.0,,,,,7,Other / not identified,,
מיקו_פלד,,מיקו פלד,Local Call,1.0,,,,,7,Other / not identified,,
מירב_רוט,,מירב רוט,Local Call,1.0,,,,,7,Other / not identified,,
מירי_מיכאלי,,מירי מיכאלי,Local Call,1.0,,,,,7,Other / not identified,,
מירי_שיינפלד,,מירי שיינפלד,Local Call,1.0,,,,,7,Other / not identified,,
מירית_כהן,,מירית כהן,Local Call,1.0,,,,,7,Other / not identified,,
מיש,,מיש,Local Call,1.0,,,,,7,Other / not identified,,
מלחם_אבו_סאלח,,מלחם אבו-סאלח,Local Call,1.0,,,,,7,Other / not identified,,
ממדוח_אגבריה,,ממדוח אגבריה,Local Call,1.0,,,,,7,Other / not identified,,
מנאל,,מנאל,Local Call,1.0,,,,,7,Other / not identified,,
מנאל_תותרי_ג_ובראן,,מנאל תותרי-ג'ובראן,Local Call,1.0,,,,,7,Other / not identified,,
מנאל_תמימי,,מנאל תמימי,Local Call,1.0,,,,,7,Other / not identified,,
מסבאח_ח_אן,,מסבאח ח'אן,Local Call,1.0,,,,,7,Other / not identified,,
מעוז_ינון,,מעוז ינון,Local Call,1.0,,,,,7,Other / not identified,,
מקסים_בנטול,,מקסים בנטול,Local Call,1.0,,,,,7,Other / not identified,,
מרואן_דרוויש,,מרואן דרוויש,Local Call,1.0,,,,,7,Other / not identified,,
מרוואן_אל_מועשר,,מרוואן אל-מועשר,Local Call,1.0,,,,,7,Other / not identified,,
מרווה_חנא,,מרווה חנא,Local Call,1.0,,,,,7,Other / not identified,,
מרטין_ויין,,מרטין ויין,Local Call,1.0,,,,,7,Other / not identified,,
מרי_לויצקר,,מרי לויצקר,Local Call,1.0,,,,,7,Other / not identified,,
מריאנה_א_ב_ר_או_עם_עאידה_ד_לפ_ו_וש,,מריאנה אַבְּרֶאוּ עם עאידה דֶלפְּוֶוש,Local Call,1.0,,,,,7,Other / not identified,,
מרייקה_לאוקן,,מרייקה לאוקן,Local Call,1.0,,,,,7,Other / not identified,,
מרים_הוארי,,מרים הוארי,Local Call,1.0,,,,,7,Other / not identified,,
מרים_זלקינד,,מרים זלקינד,Local Call,1.0,,,,,7,Other / not identified,,
מרכז_עדאלה,,מרכז עדאלה,Local Call,1.0,,,,,7,Other / not identified,,
מרסלו_וקסלר,,מרסלו וקסלר,Local Call,1.0,,,,,7,Other / not identified,,
מרסלו_סבירסקי,,מרסלו סבירסקי,Local Call,1.0,,,,,7,Other / not identified,,
משה_קריף,,משה קריף,Local Call,1.0,,,,,7,Other / not identified,,
משה_רונן,,משה רונן,Local Call,1.0,,,,,7,Other / not identified,,
משכית_בנדל,,משכית בנדל,Local Call,1.0,,,,,7,Other / not identified,,
מתוואלי_מוחמדין,,מתוואלי מוחמדין,Local Call,1.0,,,,,7,Other / not identified,,
מתן_הלמן,,מתן הלמן,Local Call,1.0,,,,,7,Other / not identified,,
נאאל_אלטוח_י,,נאאל אלטוח'י,Local Call,1.0,,,,,7,Other / not identified,,
נאדה_נביל,,נאדה נביל,Local Call,1.0,,,,,7,Other / not identified,,
נאוה_בן_אור,,נאוה בן-אור,Local Call,1.0,,,,,7,Other / not identified,,
נאילה_עוואד,,נאילה עוואד,Local Call,1.0,,,,,7,Other / not identified,,
נבילה_אספניולי,,נבילה אספניולי,Local Call,1.0,,,,,7,Other / not identified,,
נגה_איתן,,נגה איתן,Local Call,1.0,,,,,7,Other / not identified,,
נגה_וולף,,נגה וולף,Local Call,1.0,,,,,7,Other / not identified,,
נגה_מרמור,,נגה מרמור,Local Call,1.0,,,,,7,Other / not identified,,
נגיב_חדד,,נגיב חדד,Local Call,1.0,,,,,7,Other / not identified,,
נדאל_חאיק,,נדאל חאיק,Local Call,1.0,,,,,7,Other / not identified,,
נדאל_עותמאן,,נדאל עותמאן,Local Call,1.0,,,,,7,Other / not identified,,
נדב_אלגזי,,נדב אלגזי,Local Call,1.0,,,,,7,Other / not identified,,
נדב_דגן,,נדב דגן,Local Call,1.0,,,,,7,Other / not identified,,
נדב_לזר,,נדב לזר,Local Call,1.0,,,,,7,Other / not identified,,
נדים_קטיש,,נדים קטיש,Local Call,1.0,,,,,7,Other / not identified,,
נוגה_דגן_בוזגלו,,נוגה דגן-בוזגלו,Local Call,1.0,,,,,7,Other / not identified,,
נועה_טל,,נועה טל,Local Call,1.0,,,,,7,Other / not identified,,
נועה_שאואר,,נועה שאואר,Local Call,1.0,,,,,7,Other / not identified,,
נועם_זיצמן,,נועם זיצמן,Local Call,1.0,,,,,7,Other / not identified,,
נועם_רודיך,,נועם רודיך,Local Call,1.0,,,,,7,Other / not identified,,
נור_סווירקי,,נור סווירקי,Local Call,1.0,,,,,7,Other / not identified,,
נור_עראפה,,נור עראפה,Local Call,1.0,,,,,7,Other / not identified,,
נורמה_מוסי,,נורמה מוסי,Local Call,1.0,,,,,7,Other / not identified,,
נחום_בלס,,נחום בלס,Local Call,1.0,,,,,7,Other / not identified,,
נחי_פסיקוב,,נחי פסיקוב,Local Call,1.0,,,,,7,Other / not identified,,
נטלי_בר_און,,נטלי בר-און,Local Call,1.0,,,,,7,Other / not identified,,
נטלי_הווארד,,נטלי הווארד,Local Call,1.0,,,,,7,Other / not identified,,
נטלי_רוזנס,,נטלי רוזנס,Local Call,1.0,,,,,7,Other / not identified,,
נטע_ארנון_שושני,,נטע ארנון שושני,Local Call,1.0,,,,,7,Other / not identified,,
נטע_גולן,,נטע גולן,Local Call,1.0,,,,,7,Other / not identified,,
נטע_חזן,,נטע חזן,Local Call,1.0,,,,,7,Other / not identified,,
נטע_לוי,,נטע לוי,Local Call,1.0,,,,,7,Other / not identified,,
נטע_מוסט,,נטע מוסט,Local Call,1.0,,,,,7,Other / not identified,,
נטשה_דודינסקי,,נטשה דודינסקי,Local Call,1.0,,,,,7,Other / not identified,,
נטשה_ווסטהיימר,,נטשה ווסטהיימר,Local Call,1.0,,,,,7,Other / not identified,,
נטשה_ווסטהיימר_ומור_גלבוע,,נטשה ווסטהיימר ומור גלבוע,Local Call,1.0,,,,,7,Other / not identified,,
ניב_מיכאלי,,ניב מיכאלי,Local Call,1.0,,,,,7,Other / not identified,,
נייט_אורבך,,נייט אורבך,Local Call,1.0,,,,,7,Other / not identified,,
נילי_ברוך,,נילי ברוך,Local Call,1.0,,,,,7,Other / not identified,,
נילי_גורין,,נילי גורין,Local Call,1.0,,,,,7,Other / not identified,,
נינה_סודין,,נינה סודין,Local Call,1.0,,,,,7,Other / not identified,,
ניצה_נקן,,ניצה נקן,Local Call,1.0,,,,,7,Other / not identified,,
ניקולא_פרוג_יני,,ניקולא פרוג'יני,Local Call,1.0,,,,,7,Other / not identified,,
ניר_כהן,,ניר כהן,Local Call,1.0,,,,,7,Other / not identified,,
נירה_בן_עוזר,,נירה בן-עוזר,Local Call,1.0,,,,,7,Other / not identified,,
נירית_מוסקוביץ,,נירית מוסקוביץ',Local Call,1.0,,,,,7,Other / not identified,,
נמרוד_בן_זאב,,נמרוד בן זאב,Local Call,1.0,,,,,7,Other / not identified,,
נמרוד_עברון,,נמרוד עברון,Local Call,1.0,,,,,7,Other / not identified,,
נסרין_אל_חטיב,,נסרין אל-חטיב,Local Call,1.0,,,,,7,Other / not identified,,
נסרין_מדני,,נסרין מדני,Local Call,1.0,,,,,7,Other / not identified,,
נסרין_מורקוס,,נסרין מורקוס,Local Call,1.0,,,,,7,Other / not identified,,
נסרין_נאשף,,נסרין נאשף,Local Call,1.0,,,,,7,Other / not identified,,
נסרין_סלאמה_שחברי,,נסרין סלאמה שחברי,Local Call,1.0,,,,,7,Other / not identified,,
נסרין_שחאדה,,נסרין שחאדה,Local Call,1.0,,,,,7,Other / not identified,,
נעה_באסל,,נעה באסל,Local Call,1.0,,,,,7,Other / not identified,,
נעה_נחמיאס,,נעה נחמיאס,Local Call,1.0,,,,,7,Other / not identified,,
נעם_שוסטר_אליאסי,,נעם שוסטר אליאסי,Local Call,1.0,,,,,7,Other / not identified,,
נעמה_בן_זאב,,נעמה בן זאב,Local Call,1.0,,,,,7,Other / not identified,,
נעמה_גסר,,נעמה גסר,Local Call,1.0,,,,,7,Other / not identified,,
נעמה_מורג_זמונסקי,,נעמה מורג-זמונסקי,Local Call,1.0,,,,,7,Other / not identified,,
נעמי_בייט_צורן,,נעמי בייט-צורן,Local Call,1.0,,,,,7,Other / not identified,,
נעמי_הגר,,נעמי הגר,Local Call,1.0,,,,,7,Other / not identified,,
נעמי_קסל,,נעמי קסל,Local Call,1.0,,,,,7,Other / not identified,,
נעמית_מור_חיים,,נעמית מור חיים,Local Call,1.0,,,,,7,Other / not identified,,
נעמן_הירשפלד,,נעמן הירשפלד,Local Call,1.0,,,,,7,Other / not identified,,
נתנאל_אזולאי,,נתנאל אזולאי,Local Call,1.0,,,,,7,Other / not identified,,
נתנאל_יהודה,,נתנאל יהודה,Local Call,1.0,,,,,7,Other / not identified,,
ס_מצפון_הארץ,,ס' מצפון הארץ,Local Call,1.0,,,,,7,Other / not identified,,
סאוסן_זהר,,סאוסן זהר,Local Call,1.0,,,,,7,Other / not identified,,
סאלח_בכרי,,סאלח בכרי,Local Call,1.0,,,,,7,Other / not identified,,
סאלי_עבד,,סאלי עבד,Local Call,1.0,,,,,7,Other / not identified,,
סאלם_בראהמה,,סאלם בראהמה,Local Call,1.0,,,,,7,Other / not identified,,
סאלסביל_חמדאן,,סאלסביל חמדאן,Local Call,1.0,,,,,7,Other / not identified,,
סאמי_אבו_שחאדה,,סאמי אבו שחאדה.,Local Call,1.0,,,,,7,Other / not identified,,
סאמיה_נאסר,,סאמיה נאסר,Local Call,1.0,,,,,7,Other / not identified,,
סאמר,,סאמר,Local Call,1.0,,,,,7,Other / not identified,,
סדי_בן_שטרית,,סדי בן שטרית,Local Call,1.0,,,,,7,Other / not identified,,
סו,,סו,Local Call,1.0,,,,,7,Other / not identified,,
סוהאד_באבא,,סוהאד באבא,Local Call,1.0,,,,,7,Other / not identified,,
סוהיל_חסנין,,סוהיל חסנין,Local Call,1.0,,,,,7,Other / not identified,,
סול_אנטרו,,סול אנטרו,Local Call,1.0,,,,,7,Other / not identified,,
סופי_שעאר_שניר,,סופי שעאר שניר,Local Call,1.0,,,,,7,Other / not identified,,
סיגל_אשר,,סיגל אשר,Local Call,1.0,,,,,7,Other / not identified,,
סיגל_נשר,,סיגל נשר,Local Call,1.0,,,,,7,Other / not identified,,
סיראג_עאסי,,סיראג' עאסי,Local Call,1.0,,,,,7,Other / not identified,,
סירין_חטיב_שחברי,,סירין חטיב-שחברי,Local Call,1.0,,,,,7,Other / not identified,,
סלאם_פיאד,,סלאם פיאד,Local Call,1.0,,,,,7,Other / not identified,,
סלבוי_ז_יז_ק,,סלבוי ז'יז'ק,Local Call,1.0,,,,,7,Other / not identified,,
סלים_בריק,,סלים בריק,Local Call,1.0,,,,,7,Other / not identified,,
סלימאן_אבו_ארשיד,,סלימאן אבו ארשיד,Local Call,1.0,,,,,7,Other / not identified,,
סמדר_מורס,,סמדר מורס,Local Call,1.0,,,,,7,Other / not identified,,
סמיח_אלקאסם,,סמיח אלקאסם,Local Call,1.0,,,,,7,Other / not identified,,
סנדי_קדר,,סנדי קדר,Local Call,1.0,,,,,7,Other / not identified,,
סנטיאגו_מונטג,,סנטיאגו מונטג,Local Call,1.0,,,,,7,Other / not identified,,
סעד_אל_עוודאל,,סעד אל-עוודאל,Local Call,1.0,,,,,7,Other / not identified,,
סער_יהלום,,סער יהלום,Local Call,1.0,,,,,7,Other / not identified,,
סרבן_מצפון_השם_המלא_שמור_במערכת,,סרבן מצפון (השם המלא שמור במערכת),Local Call,1.0,,,,,7,Other / not identified,,
סרי_נוסייבה,,סרי נוסייבה,Local Call,1.0,,,,,7,Other / not identified,,
סרין_עלי,,סרין עלי,Local Call,1.0,,,,,7,Other / not identified,,
ע_דניאל_רוט,,ע. דניאל רוט,Local Call,1.0,,,,,7,Other / not identified,,
ע_ש,,ע.ש.,Local Call,1.0,,,,,7,Other / not identified,,
ע_השם_המלא_שמור_במערכת,,ע' (השם המלא שמור במערכת),Local Call,1.0,,,,,7,Other / not identified,,
ע_אדה_אל_חדאד,,ע'אדה אל-חדאד,Local Call,1.0,,,,,7,Other / not identified,,
ע_אדה_עקיל,,ע'אדה עקיל,Local Call,1.0,,,,,7,Other / not identified,,
ע_דיר_האני,,ע'דיר האני,Local Call,1.0,,,,,7,Other / not identified,,
עאיד_מוראר,,עאיד מוראר,Local Call,1.0,,,,,7,Other / not identified,,
עאישה_בצרי,,עאישה בצרי,Local Call,1.0,,,,,7,Other / not identified,,
עבד_כנעאנה,,עבד כנעאנה,Local Call,1.0,,,,,7,Other / not identified,,
עב_ד_ל_עזב,,עבּד ל. עזבּ,Local Call,1.0,,,,,7,Other / not identified,,
עבדאללה_מואסווס,,עבדאללה מואסווס,Local Call,1.0,,,,,7,Other / not identified,,
עדאלה,,עדאלה,Local Call,1.0,,,,,7,Other / not identified,,
עדי_גרנות,,עדי גרנות,Local Call,1.0,,,,,7,Other / not identified,,
עדי_מורנו,,עדי מורנו,Local Call,1.0,,,,,7,Other / not identified,,
עדי_מנסור,,עדי מנסור,Local Call,1.0,,,,,7,Other / not identified,,
עדי_סגל,,עדי סגל,Local Call,1.0,,,,,7,Other / not identified,,
עדי_סדקה,,עדי סדקה,Local Call,1.0,,,,,7,Other / not identified,,
עדי_עווד,,עדי עווד,Local Call,1.0,,,,,7,Other / not identified,,
עדי_קיסר,,עדי קיסר,Local Call,1.0,,,,,7,Other / not identified,,
עדי_שורק,,עדי שורק,Local Call,1.0,,,,,7,Other / not identified,,
עו_ד_גיל_גן_מור,,"עו""ד גיל גן-מור",Local Call,1.0,,,,,7,Other / not identified,,
עודד_סספורטס,,עודד סספורטס*,Local Call,1.0,,,,,7,Other / not identified,,
עוואד_עבד_אלפתאח,,עוואד עבד אלפתאח,Local Call,1.0,,,,,7,Other / not identified,,
עולא_נג_מי_יוסף,,עולא נג'מי-יוסף,Local Call,1.0,,,,,7,Other / not identified,,
עומאר_ה_רחמן,,עומאר ה. רחמן,Local Call,1.0,,,,,7,Other / not identified,,
עומר_רז,,עומר רז,Local Call,1.0,,,,,7,Other / not identified,,
עומר_רחמן,,עומר רחמן,Local Call,1.0,,,,,7,Other / not identified,,
עומרי_כהן,,עומרי כהן,Local Call,1.0,,,,,7,Other / not identified,,
עופר_אתר,,עופר אתר,Local Call,1.0,,,,,7,Other / not identified,,
עופר_מתן,,עופר מתן,Local Call,1.0,,,,,7,Other / not identified,,
עורייב_אל_רנתאווי,,עורייב אל־רנתאווי,Local Call,1.0,,,,,7,Other / not identified,,
עז_זאנון,,עז זאנון,Local Call,1.0,,,,,7,Other / not identified,,
עזיז_אבו_שרה,,עזיז אבו-שרה,Local Call,1.0,,,,,7,Other / not identified,,
עזמי_בשארה,,עזמי בשארה,Local Call,1.0,,,,,7,Other / not identified,,
עטיה_אל_עאסם,,עטיה אל עאסם,Local Call,1.0,,,,,7,Other / not identified,,
עטייה_אל_אעסם,,עטייה אל-אעסם,Local Call,1.0,,,,,7,Other / not identified,,
עידו_אמין,,עידו אמין,Local Call,1.0,,,,,7,Other / not identified,,
עידו_דמבין,,עידו דמבין,Local Call,1.0,,,,,7,Other / not identified,,
עידו_הרטוגזון,,עידו הרטוגזון,Local Call,1.0,,,,,7,Other / not identified,,
עידית_ליבוביץ,,עידית ליבוביץ',Local Call,1.0,,,,,7,Other / not identified,,
עידן_גילה,,עידן גילה,Local Call,1.0,,,,,7,Other / not identified,,
עידן_יצחקי,,עידן יצחקי,Local Call,1.0,,,,,7,Other / not identified,,
עיינה_הלפרן,,עיינה הלפרן,Local Call,1.0,,,,,7,Other / not identified,,
עילאי_הרסגור_הנדין,,עילאי הרסגור-הנדין,Local Call,1.0,,,,,7,Other / not identified,,
עילי_זוזובסקי,,עילי זוזובסקי,Local Call,1.0,,,,,7,Other / not identified,,
עינב_נשר,,עינב נשר,Local Call,1.0,,,,,7,Other / not identified,,
עינת_אדר,,עינת אדר,Local Call,1.0,,,,,7,Other / not identified,,
עינת_גרליץ,,עינת גרליץ,Local Call,1.0,,,,,7,Other / not identified,,
עינת_פודחרני,,עינת פודחרני,Local Call,1.0,,,,,7,Other / not identified,,
עיסאם_עדוואן,,עיסאם עדוואן,Local Call,1.0,,,,,7,Other / not identified,,
עלא_ח_טיב,,עלא ח'טיב,Local Call,1.0,,,,,7,Other / not identified,,
עלאא_מסארוה,,עלאא מסארוה,Local Call,1.0,,,,,7,Other / not identified,,
עלי_אל_אזהרי,,עלי אל אזהרי,Local Call,1.0,,,,,7,Other / not identified,,
עלמה_כץ,,עלמה כץ,Local Call,1.0,,,,,7,Other / not identified,,
עמאר_אבו_קנדיל,,עמאר אבו קנדיל,Local Call,1.0,,,,,7,Other / not identified,,
עמוס_נוי,,עמוס נוי,Local Call,1.0,,,,,7,Other / not identified,,
עמית_אשכנזי,,עמית אשכנזי,Local Call,1.0,,,,,7,Other / not identified,,
עמית_גילוץ,,עמית גילוץ,Local Call,1.0,,,,,7,Other / not identified,,
עמית_לביא,,עמית לביא,Local Call,1.0,,,,,7,Other / not identified,,
עמית_לבני,,עמית לבני,Local Call,1.0,,,,,7,Other / not identified,,
עמית_לוי,,עמית לוי,Local Call,1.0,,,,,7,Other / not identified,,
עמית_מקובקי,,עמית מקובקי,Local Call,1.0,,,,,7,Other / not identified,,
עמנואל_ילין,,עמנואל ילין,Local Call,1.0,,,,,7,Other / not identified,,
עמנואל_שחף,,עמנואל שחף,Local Call,1.0,,,,,7,Other / not identified,,
עמר_צנגוט,,עמר צנגוט,Local Call,1.0,,,,,7,Other / not identified,,
עמרי_בן_יהודה,,עמרי בן-יהודה,Local Call,1.0,,,,,7,Other / not identified,,
ענבל_חרמוני,,ענבל חרמוני,Local Call,1.0,,,,,7,Other / not identified,,
ענבל_ליבוביץ,,ענבל ליבוביץ',Local Call,1.0,,,,,7,Other / not identified,,
ענבר_שקד_ורדי,,ענבר שקד ורדי,Local Call,1.0,,,,,7,Other / not identified,,
ענת_אלזם,,ענת אלזם,Local Call,1.0,,,,,7,Other / not identified,,
ענת_גוטמן,,ענת גוטמן,Local Call,1.0,,,,,7,Other / not identified,,
ענת_גולדמן,,ענת גולדמן,Local Call,1.0,,,,,7,Other / not identified,,
ענת_הלפרן,,ענת הלפרן,Local Call,1.0,,,,,7,Other / not identified,,
ענת_יורובסקי,,ענת יורובסקי,Local Call,1.0,,,,,7,Other / not identified,,
ענת_קם,,ענת קם,Local Call,1.0,,,,,7,Other / not identified,,
ערן_אביב,,ערן אביב,Local Call,1.0,,,,,7,Other / not identified,,
ערן_בריל,,ערן בריל,Local Call,1.0,,,,,7,Other / not identified,,
ערן_סגל,,ערן סגל,Local Call,1.0,,,,,7,Other / not identified,,
ערן_קאלימי_מישייקר,,ערן קאלימי מישייקר,Local Call,1.0,,,,,7,Other / not identified,,
פאולה_שמידט_לגרסה_המלאה_של_הכתבה_באנגלית_לחצו_כאן,,פאולה שמידט (לגרסה המלאה של הכתבה באנגלית לחצו כאן),Local Call,1.0,,,,,7,Other / not identified,,
פאולה_שמיט,,פאולה שמיט*,Local Call,1.0,,,,,7,Other / not identified,,
פאיד_בדארנה,,פאיד בדארנה,Local Call,1.0,,,,,7,Other / not identified,,
פאיז_אבו_חיה,,פאיז אבו חיה,Local Call,1.0,,,,,7,Other / not identified,,
פאיז_אבו_רמלה,,פאיז אבו רמלה,Local Call,1.0,,,,,7,Other / not identified,,
פואד_אבו_חאמד,,פואד אבו חאמד,Local Call,1.0,,,,,7,Other / not identified,,
פוראת_עוואדלה,,פוראת עוואדלה,Local Call,1.0,,,,,7,Other / not identified,,
פטריס_ג_ונס,,פטריס ג'ונס,Local Call,1.0,,,,,7,Other / not identified,,
פטריק_קפויה,,פטריק קפויה,Local Call,1.0,,,,,7,Other / not identified,,
פיחאא_עב_ד_אלהאדי,,פיחאא עבּד אלהאדי,Local Call,1.0,,,,,7,Other / not identified,,
פרימה_בוביס,,פרימה בוביס,Local Call,1.0,,,,,7,Other / not identified,,
פרנסס_רדאי,,פרנסס רדאי,Local Call,1.0,,,,,7,Other / not identified,,
פרנק_אנדרוז,,פרנק אנדרוז,Local Call,1.0,,,,,7,Other / not identified,,
צבי_בן_דור_בנית,,צבי בן-דור בנית,Local Call,1.0,,,,,7,Other / not identified,,
צביאל_רופא_ודליה_וירצברג_רופא,,צביאל רופא ודליה וירצברג-רופא,Local Call,1.0,,,,,7,Other / not identified,,
צביקה_דויטש,,צביקה דויטש,Local Call,1.0,,,,,7,Other / not identified,,
צו_ד_בדיחי,,צוּד בדיחי,Local Call,1.0,,,,,7,Other / not identified,,
צלמי_אקטיבסטילס,,צלמי אקטיבסטילס,Local Call,1.0,,,,,7,Other / not identified,,
צפריר_גדרון,,צפריר גדרון,Local Call,1.0,,,,,7,Other / not identified,,
צפריר_כהן,,צפריר כהן,Local Call,1.0,,,,,7,Other / not identified,,
צרויה_קלוואו_שבח,,צרויה קלוואו שבח,Local Call,1.0,,,,,7,Other / not identified,,
קובי_גופר,,קובי גופר,Local Call,1.0,,,,,7,Other / not identified,,
קובי_לוי,,קובי לוי,Local Call,1.0,,,,,7,Other / not identified,,
קורי_שרמן,,קורי שרמן,Local Call,1.0,,,,,7,Other / not identified,,
קטי_חורש,,קטי חורש,Local Call,1.0,,,,,7,Other / not identified,,
קייט_רייוורת,,קייט רייוורת',Local Call,1.0,,,,,7,Other / not identified,,
קייטי_וקסברגר,,קייטי וקסברגר,Local Call,1.0,,,,,7,Other / not identified,,
קלואה_בנואה,,קלואה בנואה,Local Call,1.0,,,,,7,Other / not identified,,
קלמאן_ז_יררדו,,קלמאן ז'יררדו,Local Call,1.0,,,,,7,Other / not identified,,
קמר_מישרקי_אסעד,,קמר מישרקי אסעד,Local Call,1.0,,,,,7,Other / not identified,,
קסם_אדיב,,קסם אדיב,Local Call,1.0,,,,,7,Other / not identified,,
קרן_אסף,,קרן אסף,Local Call,1.0,,,,,7,Other / not identified,,
קרן_דותן,,קרן דותן,Local Call,1.0,,,,,7,Other / not identified,,
קרן_קסטנבנד,,קרן קסטנבנד,Local Call,1.0,,,,,7,Other / not identified,,
קרן_שמש_פרלמוטר,,קרן שמש פרלמוטר,Local Call,1.0,,,,,7,Other / not identified,,
קרן_שפי,,קרן שפי,Local Call,1.0,,,,,7,Other / not identified,,
קרנית_מנדל,,קרנית מנדל,Local Call,1.0,,,,,7,Other / not identified,,
ראובן_נוה,,ראובן נוה,Local Call,1.0,,,,,7,Other / not identified,,
ראומה_שלזינגר,,ראומה שלזינגר,Local Call,1.0,,,,,7,Other / not identified,,
ראידה_אדון,,ראידה אדון,Local Call,1.0,,,,,7,Other / not identified,,
ראשא_זינדה,,ראשא זינדה,Local Call,1.0,,,,,7,Other / not identified,,
רבי_אמה_שם_בה_אילון,,רבי אמה שם-בה אילון,Local Call,1.0,,,,,7,Other / not identified,,
רביע_עיד,,רביע עיד,Local Call,1.0,,,,,7,Other / not identified,,
רדא_ג_אבר,,רדא ג'אבר,Local Call,1.0,,,,,7,Other / not identified,,
רואן_דחאברה,,רואן דחאברה,Local Call,1.0,,,,,7,Other / not identified,,
רוואן_כעביה,,רוואן כעביה,Local Call,1.0,,,,,7,Other / not identified,,
רוזה_מריה_מרקס,,רוזה מריה מרקס,Local Call,1.0,,,,,7,Other / not identified,,
רוחמה_מרטון,,רוחמה מרטון,Local Call,1.0,,,,,7,Other / not identified,,
רולא_דאוד,,רולא דאוד,Local Call,1.0,,,,,7,Other / not identified,,
רולא_הרדל,,רולא הרדל,Local Call,1.0,,,,,7,Other / not identified,,
רולא_סלמה,,רולא סלמה,Local Call,1.0,,,,,7,Other / not identified,,
רון_דהן,,רון דהן,Local Call,1.0,,,,,7,Other / not identified,,
רון_זיידל,,רון זיידל,Local Call,1.0,,,,,7,Other / not identified,,
רונה_סלע,,רונה סלע,Local Call,1.0,,,,,7,Other / not identified,,
רוני_ישראלי,,רוני ישראלי,Local Call,1.0,,,,,7,Other / not identified,,
רוני_סלונים,,רוני סלונים,Local Call,1.0,,,,,7,Other / not identified,,
רונן_אידלמן,,רונן אידלמן,Local Call,1.0,,,,,7,Other / not identified,,
רועי_ילין,,רועי ילין,Local Call,1.0,,,,,7,Other / not identified,,
רועי_כנפו,,רועי כנפו,Local Call,1.0,,,,,7,Other / not identified,,
רועי_שאול_הלל,,רועי שאול הלל,Local Call,1.0,,,,,7,Other / not identified,,
רועי_שושן,,רועי שושן,Local Call,1.0,,,,,7,Other / not identified,,
רות_רזניק,,רות רזניק,Local Call,1.0,,,,,7,Other / not identified,,
רות_שטרן,,רות שטרן,Local Call,1.0,,,,,7,Other / not identified,,
רותי_פויכטונגר,,רותי פויכטונגר,Local Call,1.0,,,,,7,Other / not identified,,
רז_בד_ו,,"רז בד""ו",Local Call,1.0,,,,,7,Other / not identified,,
רז_הנדלר,,רז הנדלר,Local Call,1.0,,,,,7,Other / not identified,,
רחל_אפק,,רחל אפק,Local Call,1.0,,,,,7,Other / not identified,,
רחל_דויטש,,רחל דויטש,Local Call,1.0,,,,,7,Other / not identified,,
רחל_סטרומזה,,רחל סטרומזה,Local Call,1.0,,,,,7,Other / not identified,,
רחל_קסל,,רחל קסל,Local Call,1.0,,,,,7,Other / not identified,,
רחלי_קוזנצוב,,רחלי קוזנצוב,Local Call,1.0,,,,,7,Other / not identified,,
ריאן_וונץ_וסהר_ורדי,,ריאן וונץ וסהר ורדי,Local Call,1.0,,,,,7,Other / not identified,,
רים_עמאר,,רים עמאר,Local Call,1.0,,,,,7,Other / not identified,,
רימא_כתאנה_נזאל,,רימא כתאנה נזאל,Local Call,1.0,,,,,7,Other / not identified,,
רימה_אבו_סייף,,רימה אבו סייף,Local Call,1.0,,,,,7,Other / not identified,,
ריקי_אופנהיים,,ריקי אופנהיים,Local Call,1.0,,,,,7,Other / not identified,,
רכאן_עבד_אלרחמאן,,רכאן עבד אלרחמאן,Local Call,1.0,,,,,7,Other / not identified,,
רמי_איתן,,רמי איתן,Local Call,1.0,,,,,7,Other / not identified,,
רן_גרינשטיין,,רן גרינשטיין,Local Call,1.0,,,,,7,Other / not identified,,
רן_יוסף_כהן,,רן יוסף כהן,Local Call,1.0,,,,,7,Other / not identified,,
רן_כהן,,רן כהן,Local Call,1.0,,,,,7,Other / not identified,,
רן_צוייגנברג,,רן צוייגנברג,Local Call,1.0,,,,,7,Other / not identified,,
רן_רביב,,רן רביב,Local Call,1.0,,,,,7,Other / not identified,,
רנדה_חיידר,,רנדה חיידר,Local Call,1.0,,,,,7,Other / not identified,,
רנה_שוביר,,רנה שוביר,Local Call,1.0,,,,,7,Other / not identified,,
רני_חזון_וייס,,רני חזון-וייס,Local Call,1.0,,,,,7,Other / not identified,,
רננה_נוביץ,,רננה נוביץ',Local Call,1.0,,,,,7,Other / not identified,,
רעות_בן_יעקב,,רעות בן יעקב,Local Call,1.0,,,,,7,Other / not identified,,
רעות_כהן,,רעות כהן,Local Call,1.0,,,,,7,Other / not identified,,
רעות_מור,,רעות מור,Local Call,1.0,,,,,7,Other / not identified,,
רעות_פרץ,,רעות פרץ,Local Call,1.0,,,,,7,Other / not identified,,
רעיה_ירון,,רעיה ירון,Local Call,1.0,,,,,7,Other / not identified,,
רפאל_ביתאן,,רפאל ביתאן,Local Call,1.0,,,,,7,Other / not identified,,
רשיד_אגבאריה,,רשיד אגבאריה,Local Call,1.0,,,,,7,Other / not identified,,
רשיד_אגב_אריה,,רשיד אגבּאריה,Local Call,1.0,,,,,7,Other / not identified,,
ש,,ש',Local Call,1.0,,,,,7,Other / not identified,,
שאד_א_חאמיד,,שאד'א חאמיד,Local Call,1.0,,,,,7,Other / not identified,,
שאד_ה_חאמד,,שאד'ה חאמד,Local Call,1.0,,,,,7,Other / not identified,,
שאול_מגיד,,שאול מגיד,Local Call,1.0,,,,,7,Other / not identified,,
שאול_עזריאל,,שאול עזריאל,Local Call,1.0,,,,,7,Other / not identified,,
שאול_צ_ריקובר,,שאול צ'ריקובר,Local Call,1.0,,,,,7,Other / not identified,,
שאקר_אבו_עאמר,,שאקר אבו עאמר,Local Call,1.0,,,,,7,Other / not identified,,
שגית_פרץ_דרעי,,שגית פרץ-דרעי,Local Call,1.0,,,,,7,Other / not identified,,
שדן_ג_בארין,,שדן ג'בארין,Local Call,1.0,,,,,7,Other / not identified,,
שהירה_שלבי,,שהירה שלבי,Local Call,1.0,,,,,7,Other / not identified,,
שוברים_שתיקה,,שוברים שתיקה,Local Call,1.0,,,,,7,Other / not identified,,
שוקי_שפירא,,שוקי שפירא,Local Call,1.0,,,,,7,Other / not identified,,
שושנה_לונדון_ספיר,,שושנה לונדון ספיר,Local Call,1.0,,,,,7,Other / not identified,,
שחף_ליטמן,,שחף ליטמן,Local Call,1.0,,,,,7,Other / not identified,,
שחר_גבאי,,שחר גבאי,Local Call,1.0,,,,,7,Other / not identified,,
שחר_שוהם,,שחר שוהם,Local Call,1.0,,,,,7,Other / not identified,,
שי_אורדן,,שי אורדן,Local Call,1.0,,,,,7,Other / not identified,,
שי_דוידוביץ,,שי דוידוביץ',Local Call,1.0,,,,,7,Other / not identified,,
שי_חזקני,,שי חזקני,Local Call,1.0,,,,,7,Other / not identified,,
שיח_ה_חליוא,,שיח'ה חליוא,Local Call,1.0,,,,,7,Other / not identified,,
שיר_אהרון_ברם,,שיר אהרון ברם,Local Call,1.0,,,,,7,Other / not identified,,
שיר_אלוני,,שיר אלוני,Local Call,1.0,,,,,7,Other / not identified,,
שיר_גנור,,שיר גנור,Local Call,1.0,,,,,7,Other / not identified,,
שיר_חבר,,שיר חבר,Local Call,1.0,,,,,7,Other / not identified,,
שירה_ליבנה,,שירה ליבנה,Local Call,1.0,,,,,7,Other / not identified,,
שירה_ריכטר,,שירה ריכטר,Local Call,1.0,,,,,7,Other / not identified,,
שירי_קרבס,,שירי קרבס,Local Call,1.0,,,,,7,Other / not identified,,
שלומית_ליר,,שלומית ליר,Local Call,1.0,,,,,7,Other / not identified,,
שלי_בן_שחר,,שלי בן שחר,Local Call,1.0,,,,,7,Other / not identified,,
שלי_דביר,,שלי דביר*,Local Call,1.0,,,,,7,Other / not identified,,
שלי_חן,,שלי חן,Local Call,1.0,,,,,7,Other / not identified,,
שלמה_זנד,,שלמה זנד,Local Call,1.0,,,,,7,Other / not identified,,
שלמה_ליבר,,שלמה ליבר,Local Call,1.0,,,,,7,Other / not identified,,
שמואל_גלמידי,,שמואל גלמידי,Local Call,1.0,,,,,7,Other / not identified,,
שמואל_גרואג,,שמואל גרואג,Local Call,1.0,,,,,7,Other / not identified,,
שמואל_וייס,,שמואל וייס,Local Call,1.0,,,,,7,Other / not identified,,
שמואל_לדרמן,,שמואל לדרמן,Local Call,1.0,,,,,7,Other / not identified,,
שמואל_פריד,,שמואל פריד,Local Call,1.0,,,,,7,Other / not identified,,
שמרית_לי,,שמרית לי,Local Call,1.0,,,,,7,Other / not identified,,
שני_אלוני,,שני אלוני,Local Call,1.0,,,,,7,Other / not identified,,
שני_בר_טוביה,,שני בר-טוביה,Local Call,1.0,,,,,7,Other / not identified,,
שני_ורנר_ומיכל_סטולר,,שני ורנר ומיכל סטולר,Local Call,1.0,,,,,7,Other / not identified,,
שני_פייס,,שני פייס,Local Call,1.0,,,,,7,Other / not identified,,
שקד_אורבך,,שקד אורבך,Local Call,1.0,,,,,7,Other / not identified,,
שרה_פסח,,שרה פסח,Local Call,1.0,,,,,7,Other / not identified,,
שרון_אברהם_ויס,,שרון אברהם-ויס,Local Call,1.0,,,,,7,Other / not identified,,
שרון_דולב,,שרון דולב,Local Call,1.0,,,,,7,Other / not identified,,
שרון_קרני,,שרון קרני,Local Call,1.0,,,,,7,Other / not identified,,
שרון_שלי,,שרון שלי,Local Call,1.0,,,,,7,Other / not identified,,
שרון_שלי_ברעם,,שרון שלי ברעם,Local Call,1.0,,,,,7,Other / not identified,,
שרונה_אליהו_חי,,שרונה אליהו חי,Local Call,1.0,,,,,7,Other / not identified,,
שרי_בשי,,שרי בשי,Local Call,1.0,,,,,7,Other / not identified,,
שרית_מיכאלי,,שרית מיכאלי,Local Call,1.0,,,,,7,Other / not identified,,
שרית_שליי_זונדינר,,שרית שליי זונדינר,Local Call,1.0,,,,,7,Other / not identified,,
ת_אאר_אבו_ראס,,ת'אאר אבו ראס,Local Call,1.0,,,,,7,Other / not identified,,
ת_נא_ג_ואברה,,ת'נא ג'ואברה,Local Call,1.0,,,,,7,Other / not identified,,
תאופיק_ג_בארין,,תאופיק ג'בארין,Local Call,1.0,,,,,7,Other / not identified,,
תגריד_עטאללה,,תגריד עטאללה,Local Call,1.0,,,,,7,Other / not identified,,
תגריד_עלי,,תגריד עלי,Local Call,1.0,,,,,7,Other / not identified,,
תום_אטקינס,,תום אטקינס,Local Call,1.0,,,,,7,Other / not identified,,
תום_כהן,,תום כהן,Local Call,1.0,,,,,7,Other / not identified,,
תומר_לביא,,תומר לביא,Local Call,1.0,,,,,7,Other / not identified,,
תושב_עזה,,תושב עזה,Local Call,1.0,,,,,7,Other / not identified,,
תחסין_יקין,,תחסין יקין,Local Call,1.0,,,,,7,Other / not identified,,
תם_גור,,תם גור*,Local Call,1.0,,,,,7,Other / not identified,,
תם_פרומוביץ,,תם פרומוביץ,Local Call,1.0,,,,,7,Other / not identified,,
תמונות,,תמונות,Local Call,1.0,,,,,7,Other / not identified,,
תמנה_בונטה,,תמנה בונטה,Local Call,1.0,,,,,7,Other / not identified,,
תמר_גוז_נסקי,,תמר גוז'נסקי,Local Call,1.0,,,,,7,Other / not identified,,
תמר_גולדשמיד,,תמר גולדשמיד,Local Call,1.0,,,,,7,Other / not identified,,
תמר_עילם_גינדין,,תמר עילם גינדין,Local Call,1.0,,,,,7,Other / not identified,,
תנועת_התחברות_תראבוט,,תנועת התחברות-תראבוט,Local Call,1.0,,,,,7,Other / not identified,,
תני_רוטמן,,תני רוטמן,Local Call,1.0,,,,,7,Other / not identified,,
תניה_הרי,,תניה הרי,Local Call,1.0,,,,,7,Other / not identified,,
רפאל_ביתאן,,רפאל ביתאן,Local Call,1.0,,,,,7,Other / not identified,,
רפי_גרינברג,,רפי גרינברג,Local Call,1.0,,,,,7,Other / not identified,,
רשיד_אגבאריה,,רשיד אגבאריה,Local Call,1.0,,,,,7,Other / not identified,,
ש_טורקיה,,ש'|טורקיה,Local Call,1.0,,,,,7,Other / not identified,,
שאד_א_חאמיד,,שאד'א חאמיד,Local Call,1.0,,,,,7,Other / not identified,,
שאד_ה_חאמד_middle_east_eye,,שאד'ה חאמד|Middle East Eye,Local Call,1.0,,,,,7,Other / not identified,,
שאול_מגיד,,שאול מגיד,Local Call,1.0,,,,,7,Other / not identified,,
שאול_עזריאל,,שאול עזריאל,Local Call,1.0,,,,,7,Other / not identified,,
שאול_צ_ריקובר,,שאול צ'ריקובר,Local Call,1.0,,,,,7,Other / not identified,,
שאקר_אבו_עאמר,,שאקר אבו עאמר,Local Call,1.0,,,,,7,Other / not identified,,
שגית_פרץ_דרעי,,שגית פרץ-דרעי,Local Call,1.0,,,,,7,Other / not identified,,
שדן_ג_בארין,,שדן ג'בארין,Local Call,1.0,,,,,7,Other / not identified,,
שהירה_שלבי,,שהירה שלבי,Local Call,1.0,,,,,7,Other / not identified,,
שוברים_שתיקה,,שוברים שתיקה,Local Call,1.0,,,,,7,Other / not identified,,
שוקי_שפירא,,שוקי שפירא,Local Call,1.0,,,,,7,Other / not identified,,
שושנה_לונדון_ספיר,,שושנה לונדון ספיר,Local Call,1.0,,,,,7,Other / not identified,,
שחף_ויסבין_מיכאל_ספיר,,שחף ויסבין|מיכאל ספיר,Local Call,1.0,,,,,7,Other / not identified,,
שחר_גבאי,,שחר גבאי,Local Call,1.0,,,,,7,Other / not identified,,
שחר_שוהם,,שחר שוהם,Local Call,1.0,,,,,7,Other / not identified,,
שי_אורדן,,שי אורדן,Local Call,1.0,,,,,7,Other / not identified,,
שי_דוידוביץ,,שי דוידוביץ',Local Call,1.0,,,,,7,Other / not identified,,
שיר_אהרון_ברם,,שיר אהרון ברם,Local Call,1.0,,,,,7,Other / not identified,,
שיר_אלוני,,שיר אלוני,Local Call,1.0,,,,,7,Other / not identified,,
שיר_גנור,,שיר גנור,Local Call,1.0,,,,,7,Other / not identified,,
שיר_חבר,,שיר חבר,Local Call,1.0,,,,,7,Other / not identified,,
שירה_ריכטר,,שירה ריכטר,Local Call,1.0,,,,,7,Other / not identified,,
שירי_קרבס,,שירי קרבס,Local Call,1.0,,,,,7,Other / not identified,,
שלומית_ליר,,שלומית ליר,Local Call,1.0,,,,,7,Other / not identified,,
שלי_בן_שחר,,שלי בן שחר,Local Call,1.0,,,,,7,Other / not identified,,
שלי_דביר,,שלי דביר*,Local Call,1.0,,,,,7,Other / not identified,,
שלי_חן,,שלי חן,Local Call,1.0,,,,,7,Other / not identified,,
שלמה_זנד,,שלמה זנד,Local Call,1.0,,,,,7,Other / not identified,,
שלמה_ליבר,,שלמה ליבר,Local Call,1.0,,,,,7,Other / not identified,,
שמואל_וייס,,שמואל וייס,Local Call,1.0,,,,,7,Other / not identified,,
שמואל_לדרמן,,שמואל לדרמן,Local Call,1.0,,,,,7,Other / not identified,,
שמואל_פריד,,שמואל פריד,Local Call,1.0,,,,,7,Other / not identified,,
שמרית_לי,,שמרית לי,Local Call,1.0,,,,,7,Other / not identified,,
שני_אלוני,,שני אלוני,Local Call,1.0,,,,,7,Other / not identified,,
שני_בר_טוביה,,שני בר-טוביה,Local Call,1.0,,,,,7,Other / not identified,,
שני_ורנר_ומיכל_סטולר,,שני ורנר ומיכל סטולר,Local Call,1.0,,,,,7,Other / not identified,,
שני_פייס,,שני פייס,Local Call,1.0,,,,,7,Other / not identified,,
שקד_אורבך,,שקד אורבך,Local Call,1.0,,,,,7,Other / not identified,,
שרה_פסח,,שרה פסח,Local Call,1.0,,,,,7,Other / not identified,,
שרון_אברהם_ויס_שרונה_אליהו_חי,,שרון אברהם-ויס|שרונה אליהו חי,Local Call,1.0,,,,,7,Other / not identified,,
שרון_דולב,,שרון דולב,Local Call,1.0,,,,,7,Other / not identified,,
שרון_קרני,,שרון קרני,Local Call,1.0,,,,,7,Other / not identified,,
שרון_שלי,,שרון שלי,Local Call,1.0,,,,,7,Other / not identified,,
שרון_שלי_ברעם,,שרון שלי ברעם,Local Call,1.0,,,,,7,Other / not identified,,
שרי_בשי,,שרי בשי,Local Call,1.0,,,,,7,Other / not identified,,
שרית_מיכאלי,,שרית מיכאלי,Local Call,1.0,,,,,7,Other / not identified,,
שרית_שליי_זונדינר,,שרית שליי זונדינר,Local Call,1.0,,,,,7,Other / not identified,,
ת_אאר_אבו_ראס,,ת'אאר אבו ראס,Local Call,1.0,,,,,7,Other / not identified,,
ת_אבת_אבו_ראס,,ת'אבת אבו ראס,Local Call,1.0,,,,,7,Other / not identified,,
ת_אבת_אבו_ראס_אמנון_בארי_סוליציאנו,,ת'אבת אבו ראס|אמנון בארי-סוליציאנו,Local Call,1.0,,,,,7,Other / not identified,,
ת_נא_ג_ואברה_איה_אופק_גרה,,ת'נא ג'ואברה|איה-אופק גרה,Local Call,1.0,,,,,7,Other / not identified,,
תאופיק_ג_בארין,,תאופיק ג'בארין,Local Call,1.0,,,,,7,Other / not identified,,
תאופיק_דעאדלה_ליאת_קוזמא,,תאופיק דעאדלה|ליאת קוזמא,Local Call,1.0,,,,,7,Other / not identified,,
תגריד_עטאללה,,תגריד עטאללה,Local Call,1.0,,,,,7,Other / not identified,,
תגריד_עלי_איבתיסאם_מהדי,,תגריד עלי|איבתיסאם מהדי,Local Call,1.0,,,,,7,Other / not identified,,
תום_אטקינס,,תום אטקינס,Local Call,1.0,,,,,7,Other / not identified,,
תום_כהן,,תום כהן,Local Call,1.0,,,,,7,Other / not identified,,
תומר_לביא,,תומר לביא,Local Call,1.0,,,,,7,Other / not identified,,
תושב_עזה,,תושב עזה,Local Call,1.0,,,,,7,Other / not identified,,
תחסין_יקין,,תחסין יקין,Local Call,1.0,,,,,7,Other / not identified,,
תם_גור,,תם גור*,Local Call,1.0,,,,,7,Other / not identified,,
תם_פרומוביץ,,תם פרומוביץ,Local Call,1.0,,,,,7,Other / not identified,,
תמיר_שורק_שי_חזקני,,תמיר שורק|שי חזקני,Local Call,1.0,,,,,7,Other / not identified,,
תמנה_בונטה,,תמנה בונטה,Local Call,1.0,,,,,7,Other / not identified,,
תמר_בן_דוד_בכר_זועבי,,תמר בן דוד|בכר זועבי,Local Call,1.0,,,,,7,Other / not identified,,
תמר_בן_דוד_לילך_בן_דוד,,תמר בן דוד|לילך בן דוד,Local Call,1.0,,,,,7,Other / not identified,,
תמר_בן_דוד_סמאח_סלאימה,,תמר בן דוד|סמאח סלאימה,Local Call,1.0,,,,,7,Other / not identified,,
תמר_גוז_נסקי,,תמר גוז'נסקי,Local Call,1.0,,,,,7,Other / not identified,,
תמר_גולדשמיד,,תמר גולדשמיד,Local Call,1.0,,,,,7,Other / not identified,,
תמר_עילם_גינדין,,תמר עילם גינדין,Local Call,1.0,,,,,7,Other / not identified,,
תנועת_התחברות_תראבוט,,תנועת התחברות-תראבוט,Local Call,1.0,,,,,7,Other / not identified,,
תני_רוטמן,,תני רוטמן,Local Call,1.0,,,,,7,Other / not identified,,
תניה_הרי,,תניה הרי,Local Call,1.0,,,,,7,Other / not identified,,
blank,,(blank),Local Call,4119.0,,,,,7,Other / not identified,,
